id,category,sub_category,user_type,question,gold_answer,evidence,source,keywords,difficulty,note
SL_A_3_001,③ 유사 사고사례,비계,worker,비계 위에서 거푸집 자재를 받아 올리다가 떨어진 사고 사례가 있나요?,"2018년 외부비계 3단 작업발판 위에서 형틀자재(강관파이프, 합판류)를 인상하려고 준비하던 근로자가 몸의 중심을 잃고 외부비계 바깥쪽 약 5.4m 아래 지면으로 추락해 사망한 사례가 있다. 거푸집의 무게를 이기지 못해 중심을 잃은 것으로 정리되어 있다.","2018년 07월경 ○○현장에서 보통인부인 재해자가 외부비계 3단 작업발판 위에서 상하부 근로자간에 형틀자재(강관파이프, 합판류)를 인상하려고 준비하던 중 몸의 중심을 잃고 외부비계 바깥쪽 약 5.4m아래 지면으로 추락하여 사망 / 비계 위에서 상부층으로 거푸집 자재를 옮기기 위해 받아치기 방법으로 작업 중, 거푸집의 무게를 이기지 못하고 몸의 중심을 잃어 개구부로 추락","SIF 건설업 연번 216 (2018년, 기인물 비계) · data/processed/1_SIF_건설업.csv",비계|작업발판|거푸집 자재|추락,easy,"같은 상황의 비슷한 사례가 여러 건일 수 있어 후보 검토 때 연번221(내부비계, 유로폼 전달 중 추락)도 부분관련으로 볼지 정할 것"
SL_A_3_002,③ 유사 사고사례,고소작업대,worker,시저형 고소작업대에 철근을 기대 놓고 작업하다 넘어진 사고가 있었나요?,2021년 시저형 고소작업대에 탑승한 근로자가 수직철근 11본(약 246kg)을 고소작업대에 기대어 기둥 철근 조립 작업(높이 약 4.9m)을 하던 중 고소작업대가 전도되며 바닥으로 떨어져 사망한 사례가 있다.,2021년 8월경 ○○현장에서 시저형 고소작업대에 탑승중인 재해자가 수직철근(L:7.35m) 11본(약 246kg)을 고소작업대에 기대어 기둥 철근 조립 작업(H:약4.9M)을 하던 중 고소작업대가 전도되며 바닥으로 떨어져 사망 / 시저형 고소작업대에 탑승중인 재해자가 수직철근 다발을 고소작업대에 기대어 기둥 철근 조립 작업을 하던 중 철근의 무게를 견디지 못하고 고소작업대가 전도되며 바닥으로 추락,"SIF 건설업 연번 508 (2021년, 기인물 고소작업대(차)) · data/processed/1_SIF_건설업.csv",고소작업대|시저형|철근|전도,easy,질문의 핵심 조건: 시저형 + 철근을 기댐 + 전도. 이 중 하나만 맞는 사례는 부분관련
SL_A_3_003,③ 유사 사고사례,지붕 채광판,manager,공장 지붕에서 작업하다 선라이트를 밟고 추락한 사례를 알려주세요.,2016년 공장 지붕 방수공사 중 지붕 위에서 정리작업을 하던 근로자가 선라이트를 밟아 파손되면서 약 15m 아래 공장 바닥으로 떨어져 사망한 사례가 있다.,2016년 03월경 ○○현장에서 피재자가 공장지붕 위에서 정리작업 중 선라이트를 밟아 파손되며 약 15m 아래 공장바닥으로 떨어져 사망 / 공장 지붕 방수공사를 위해 공장지붕 위에서 정리작업 중 선라이트를 밟아 파손되며 근로자 추락,"SIF 건설업 연번 981 (2016년, 기인물 지붕 채광판 등(선라이트, 슬레이트)) · data/processed/1_SIF_건설업.csv",지붕|선라이트|채광판|추락,easy,M5에서 '지붕 채광판' 같은 구체 용어가 일반 표현에 묻혀 실패했던 유형이라 검색 평가에서 중요한 문항
SL_A_3_004,③ 유사 사고사례,컨베이어,manager,컨베이어가 돌아가는 중에 아래쪽 이물질을 치우다 끼인 사고 사례가 있나요?,2020년 3월경 컨베이어 가동 공정에서 재해자가 컨베이어가 가동 중인 상태에서 하부의 이물질을 제거하려다 벨트와 롤러 사이에 끼여 사망한 사례가 있다. 설비를 정지시키지 않거나 전원을 차단하지 않은 상태에서 정비·보수·청소·교체·조정·점검 등의 작업을 하다 생기는 위험으로 분류되어 있다.,2020년 3월경 OO사업장 컨베이어 가동 공정에서 재해자가 컨베이어 가동 중 하부의 이물질을 제거하려다 벨트와 롤러사이에 끼여 사망 / 『설비를 정지시키지 않거나 전원을 차단하지 않은 상태에서 정비·보수·청소·교체·조정·점검 등의 작업』 중 사고 위험,"SIF 제조업등 연번 28 (2020년, 기인물 컨베이어) · data/processed/1_SIF_제조업등.csv",컨베이어|이물질|끼임|정지,medium,컨베이어 끼임 사례는 다수라 연번2(작동 중 점검)는 부분관련 후보. 청소/이물질 제거 조건이 맞는 쪽이 관련
SL_A_3_005,③ 유사 사고사례,지게차,worker,사업장 안에서 걸어가다가 지나가던 지게차에 치인 사례가 있나요?,2016년 1월경 사업장 내에서 재해자가 출근 중 이동하던 지게차와 충돌하여 사망한 사례가 있다. 근로자와 작업차량의 이동동선(통행로)을 구분하지 않은 상태에서 부딪히거나 깔리거나 구조물과 차량 사이에 끼일 위험이 있는 유형으로 분류되어 있다.,2016년 1월경 OO사업장 내에서 재해자가 출근 중 이동하던 지게차와 충돌하여 사망 / 『근로자와 작업차량(하역운반기계 또는 건설기계 포함) 간 이동동선(통행로)를 구분하지 않은 상태』에서 근로자가 작업차량에 부딪히거나 깔림 또는 주변 구조물과 차량사이에 끼임 위험,"SIF 제조업등 연번 11 (2016년, 기인물 지게차) · data/processed/1_SIF_제조업등.csv",지게차|충돌|통행로|보행자,easy,"재해개요가 매우 짧아 '출근 중'이라는 조건을 질문에 쓰지 않았음. 같은 지게차-보행자 충돌 사례가 여러 건일 수 있어, 질문 조건(보행 중 치임)을 충족하면 관련, 일부만 맞으면 부분관련, 판단이 안 서면 애매로 표시"
SL_A_4_001,④ 사고원인·재발방지,사다리,worker,사다리에서 내려오다 떨어지는 사고는 왜 나고 어떻게 막아야 하나요?,"원인: 사다리에 올라가 지하1층 보 측면 거푸집에 못을 고정하는 작업을 마치고 내려오던 중 사다리가 흔들려, 사다리 위에서 약 1.5~2m 아래 콘크리트 바닥으로 추락하였다. / 재발방지: ① 추락 위험 작업 시 비계 등 작업발판을 설치하고 고소작업대를 사용한다. ② 사다리형 작업발판(K-사다리)으로 대체해 사용한다. ③ 사다리를 쓸 때는 아웃트리거를 설치하고 2인 1조로 작업해 전도를 막는다. ④ 사다리를 오르내릴 때는 안전블럭 또는 수직구명줄을 설치하고 추락방지대를 착용한 뒤 이동한다.","2021년 2월경, ○○현장에서 재해자가 사다리에 올라가 지하1층 보 측면 거푸집에 못 고정작업을 마치고 내려오던 중 약 1.5~2m 아래 콘크리트 바닥으로 떨어져 사망 / 사다리에 올라가 지하층 보 측면 거푸집에 못 고정작업을 마치고 내려오던 사다리가 흔들려 사다리 위에서 바닥으로 추락 / 추락위험 작업시 비계 등 작업발판 설치 및 고소작업대 사용 / 사다리형 작업발판(K-사다리) 대체 사용 / 사다리 사용시 아웃트리거 설치 및 2인1조 작업수행 등 전도방지 조치 / 사다리 승하강 시 안전블럭 또는 수직구명줄 설치 및 추락방지대 착용 후 이동","SIF 건설업 연번 319 (2021년, 기인물 사다리) · data/processed/1_SIF_건설업.csv",사다리|흔들림|전도방지|K-사다리|추락방지대,medium,사다리 추락 사례가 많아(건설업 165건) 다른 사다리 사고는 부분관련 후보
SL_A_4_002,④ 사고원인·재발방지,굴착기,manager,굴착기가 이동하다 작업자와 부딪힌 사고는 원인이 뭐고 재발을 막으려면 어떻게 해야 해요?,"원인: 굴착기가 도로 측면 터파기 작업장소로 이동하기 위해 약 6m 폭의 도로를 주행하던 중, 맞은편에서 다가오던 재해자와 충돌하였다. / 재발방지: ① 차량계 건설기계 운행 경로와 별도로 작업자가 이동할 수 있는 안전통로를 확보한다. ② 건설기계에 근접해 작업할 때는 충분한 안전거리를 확보하고 유도자를 배치한다. ③ 접촉 가능 장소나 사각지대가 생기기 쉬운 건설기계를 사용할 때는 근로자 출입을 금지한다. ④ 카메라 또는 후방센서·경보장치를 부착한다.","2020년 03월경 ○○ 현장에서 굴삭기(0.6㎥)가 도로 측면 터파기 작업장소로 이동하기 위하여 약 6m 폭의 도로를 주행하던 중 맞은편에서 다가오는 재해자와 충돌하여 사망한 재해임. / 차량계 건설기계 운행 경로와 별도로 작업자들이 이동할 수 있는 안전통로 확보 / 건설기계에 근접하여 작업을 수행하는 경우 충분한 안전거리를 확보하고 유도자를 배치 / 차량계 건설기계 접촉 가능 장소 및 사각지대 발생가능성이 높은 건설기계 사용 시 근로자 출입금지 / 카메라 부착 또는 후방에 근로자의 접근을 알리는 후방센서, 경보장치 등 부착","SIF 건설업 연번 3 (2020년, 기인물 굴착기(백호우)) · data/processed/1_SIF_건설업.csv",굴착기|충돌|유도자|안전통로|사각지대,medium,"대책이 4가지로 나뉘는 문항이라 gold_answer의 항목 수를 채점 기준으로 사용 가능. 원문 표기는 '굴삭기', 질문은 '굴착기'(기인물_표준 굴착기(백호우))"
SL_A_4_003,④ 사고원인·재발방지,프레스,worker,"프레스 조작하다 송급 장치랑 프레임 사이에 끼인 사고, 원인과 예방법이 뭔가요?","원인: 프레스를 조작하던 재해자가 별도의 수공구 없이 설비의 구동부에 근접해 작업하다, 프레스 목재보드 송급 장치와 기계프레임 사이에 협착되었다. / 재발방지: ① 제품 불량을 해소하는 작업 등을 하기 전에 운전을 정지한다. ② 끼임점이 노출된 곳에 방호망, 덮개 또는 반응형 감지장치를 설치한다. ③ 위험성평가를 실시하고 교육을 철저히 한다.","2023년 4월경 OO사업장에서 재해자가가 프레스를 조작하던 중 프레스 목재보드 송급 장치와 기계 프레임 사이에 협착되어 사망 / 『별도의 수공구 없이 설비의 구동부에 근접하여 작업』하다가 구동부에 끼임, 말림, 절단 등 위험 / 제품 불량 해소 작업 등 전 운전정지 실시 / 방호조치 실시(트레이 벨트 로더 등에 끼임점이 노출된 곳에 방호망, 덮개 또는 반응형 감지장치 설치 권고) / 위험성평가 실시 및 교육 철저","SIF 제조업등 연번 509 (2023년, 기인물 생산설비(프레스)) · data/processed/1_SIF_제조업등.csv",프레스|협착|운전정지|방호조치,medium,원문 재해개요에 '재해자가가' 오타가 있어 근거에도 원문 그대로 둠
SL_A_4_004,④ 사고원인·재발방지,크레인,manager,이동식 크레인으로 큰 구조물을 인양하다 로프를 잡던 사람이 맞은 사고는 왜 났고 어떻게 막아요?,"원인: 스크러버 스택을 해체해 인양하던 중, 화물의 형태에 맞지 않는 줄걸이 방법이나 불량한 작업방법으로 균형이 맞지 않은 상태에서 무리하게 인양했고, 스택 하부의 흔들림을 막으려고 로프를 잡고 있던 재해자가 흔들리는 인양물에 맞았다. / 재발방지: ① 구조물의 구조와 주변 상황 등을 사전에 철저히 조사한 뒤 작업한다. ② 작업계획서를 작성하고 작업지휘자를 지정한다.","2023년 10월경 OO사업장에서 스크러버 교체를 위해 기존 스크러버의 스택을 해체하여 인양하던 중 스택 하부 흔들림 방지를 위해 로프를 잡고 있던 재해자가 흔들리는 인양물에 맞아 사망 / 『운반하는 화물의 형태에 적합하지 않은 줄걸이 방법 또는 불량한 작업방법』으로 화물의 균형이 맞지 않은 상태에서 무리하게 인양하다가 화물이 떨어지면서 맞거나 그 아래 깔림 위험 / 사전조사 철저(구조물의 구조, 주변상황 등을 사전에 철저하게 파악 후 작업) / 작업계획서 작성 및 작업지휘자 지정 / 기인물: 크레인(이동식크레인/카고크레인)","SIF 제조업등 연번 148 (2023년, 기인물 크레인(이동식크레인/카고크레인)) · data/processed/1_SIF_제조업등.csv",크레인|인양|줄걸이|작업지휘자|작업계획서,hard,질문의 '이동식 크레인'은 원문 기인물 칸(크레인(이동식크레인/카고크레인))에서 확인
SL_A_4_005,④ 사고원인·재발방지,롤러,worker,롤러 설비 안에서 제품을 바로잡다가 끼이는 사고는 어떻게 예방하나요?,원인: 시트지 제조공정에서 재해자가 설비 내부에서 이탈된 제품을 수정하는 작업 중 설비에 끼였다. 설비를 정지시키지 않거나 전원을 차단하지 않은 상태에서 정비·보수·청소·교체·조정·점검 등의 작업을 한 경우다. / 재발방지: ① 위험장소에 방책 또는 방호울을 설치한다. ② 점검·청소·정비 같은 비정형 작업을 할 때는 운전을 정지하고 전원을 차단한다. ③ 시트지의 권취롤 이탈을 방지하는 조치를 한다.,2018년 11월경 OO사업장 시트지 제조공정에서 재해자가 설비 내부에서 이탈된 제품을 수정하는 작업 중 설비에 끼여 사망 / 『설비를 정지시키지 않거나 전원을 차단하지 않은 상태에서 정비·보수·청소·교체·조정·점검 등의 작업』 중 사고 위험 / 위험장소에 방책 또는 방호울 설치 / 비정형(점검·청소·정비) 작업 수행 시 운전 정지 및 전원차단 실시 / 시트지의 권취롤 이탈방지 조치 / 기인물: 생산설비(롤러),"SIF 제조업등 연번 73 (2018년, 기인물 생산설비(롤러)) · data/processed/1_SIF_제조업등.csv",롤러|끼임|전원차단|방호울,medium,연번35(라미네이터 원단 교체)와 대책이 비슷해 부분관련 후보. 질문의 '롤러'는 원문 기인물 칸(생산설비(롤러))에서 확인
SL_A_3_006,③ 유사 사고사례,달비계,worker,건물 외벽에 밧줄로 매달려 작업하다 작업발판을 잡은 줄이 끊어져 떨어진 사고가 있었나요?,"2021년 4월경 건물 외벽에서 현수막을 제거하고 부착하기 위해 달비계를 이용해 작업하던 재해자가, 달비계 작업발판 연결용 섬유로프가 끊어지면서 인접 건물 옥상바닥으로 추락해 사망한 사례가 있다.",2021년 4월경 ○○현장에서 재해자가 건물 외벽에 현수막 제거 및 부착을 하기 위해 달비계를 이용 작업 도중 달비계 작업발판 연결용 섬유로프가 끊어지면서 인접 건물 옥상바닥으로 추락하여 사망 / 건물 외벽에 현수막 제거 및 부착을 하기 위해 달비계를 이용 작업 도중 달비계 작업발판 연결용 섬유로프가 끊어지면서 추락,"SIF 건설업 연번 3391 (2021년, 기인물 달비계) · data/processed/1_SIF_건설업.csv",달비계|섬유로프|외벽|추락,easy,"같은 기인물(달비계)의 다른 추락 사례(예: 연번1260, 로프 길이 부족)는 질문 조건('줄이 끊어짐')과 달라 부분관련 후보"
SL_A_3_007,③ 유사 사고사례,이동식비계,worker,이동식 비계 위에서 벽돌 쌓다가 떨어진 사고 사례 있어요?,"2019년 10월경 벽체 벽돌쌓기(조적) 작업을 하던 재해자가 이동식 비계 작업발판 위에서 몸의 중심을 잃고, 안전난간이 설치되지 않은 작업발판 단부로 약 2.6미터 아래 콘크리트 바닥으로 떨어져 사망한 사례가 있다.",2019년 10월경 ○○현장에서 피재자가 벽체 벽돌쌓기 작업 중 이동식 비계 작업발판 위에서 몸의 중심을 잃고 약 2.6미터 아래 콘크리트 바닥으로 떨어져 사망 / 이동식비계 위에서 조적작업 중 몸의 중심을 잃고 안전난간이 설치되지 않은 작업발판 단부로 추락,"SIF 건설업 연번 888 (2019년, 기인물 이동식비계) · data/processed/1_SIF_건설업.csv",이동식비계|조적|안전난간|추락,easy,이동식비계 사례 중 승하강 사다리에서 떨어진 건(연번3041)은 질문 조건(벽돌쌓기)과 달라 부분관련 후보
SL_A_3_008,③ 유사 사고사례,토사,manager,3미터쯤 판 구덩이 바닥에서 배관 연결하다가 옆 흙이 무너져 묻힌 사고 사례가 있나요?,"2019년 8월경 깊이 약 3m 굴착 저면에서 상수도관 연결작업을 하던 재해자가, 굴착사면 토사가 일부 붕괴되면서 덮쳐 사망한 사례가 있다.",2019년 8월경 ○○현장에서 재해자가 깊이 약3m 굴착 저면에서 상수도관 연결작업중 굴착사면 토사가 일부 붕괴되면서 재해자를 덮쳐 사망 / 굴착저면에서 상수도관 연결작업 중 굴착사면이 무너지면서 근로자 매몰,"SIF 건설업 연번 2631 (2019년, 기인물 토사) · data/processed/1_SIF_건설업.csv",굴착|토사붕괴|상수도관|매몰,medium,"연번2656(우수관 매설, 3.5m 터파기 사면 붕괴·매몰)도 질문 조건을 대부분 충족해 관련/부분관련 여부를 사람이 판단"
SL_A_3_009,③ 유사 사고사례,산업용로봇,manager,포장 라인 컨베이어를 청소하다가 로봇에 맞은 사고가 있었나요?,2018년 3월경 생산품 포장 라인에서 포장박스 이송용 컨베이어 청소 작업을 하던 재해자가 산업용 로봇에 맞아 사망한 사례가 있다. 설비를 정지시키지 않거나 전원을 차단하지 않은 상태에서 청소 등의 작업을 하는 중 생기는 위험으로 분류되어 있다.,"2018년 3월경 사업장 내에서 재해자가 생산품 포장 라인의 포장박스 이송용 컨베이어 청소 작업을 위해 작업 중, 산업용 로봇에 맞아 사망 / 『설비를 정지시키지 않거나 전원을 차단하지 않은 상태에서 정비·보수·청소·교체·조정·점검 등의 작업』 중 사고 위험","SIF 제조업등 연번 1697 (2018년, 기인물 산업용로봇) · data/processed/1_SIF_제조업등.csv",산업용로봇|컨베이어|청소|전원차단,medium,컨베이어 끼임 사고(연번28)와 구분: 이 문항의 기인물은 로봇. 로봇 수리 중 가동 사고(연번959)는 부분관련 후보
SL_A_3_010,③ 유사 사고사례,유해가스,worker,"설비 아래 큰 통 안을 청소하러 들어갔다가 한 명이 쓰러지고, 구하러 들어간 사람들까지 쓰러진 사고가 있나요?","2016년 6월 제지 재활용 가공업체에서 재해자 3명이 설비 하부 체스트 내부 청소작업을 위해 진입하던 중 유해가스 흡입 및 산소결핍으로 첫 진입자가 쓰러지고, 이를 구조하기 위해 들어간 두 명도 쓰러진 사례가 있다(사망 2명, 부상 1명). 산소·유해가스 농도를 측정하지 않고 송풍기로 강제환기를 하지 않아 질식·중독 위험이 있었던 것으로 분류되어 있다.","2016년 6월 제지 재활용 가공업체에서 재해자 3명이 설비 하부 체스트 내부 청소작업을 위하여 체스트 내부를 진입하던 중 유해가스 흡입 및 산소결핍으로 첫 진입자가 쓰러지고, 이를 구조하기 위해 들어간 두 명의 진입자가 쓰러짐(사망2, 부상1) / 『산소·유해가스 농도 미측정 및 송풍기를 이용한 강제환기 미실시』로 질식·중독 위험","SIF 제조업등 연번 443 (2016년, 기인물 유해가스) · data/processed/1_SIF_제조업등.csv",밀폐공간|질식|유해가스|구조,medium,밀폐공간 질식 사례는 여러 건이라(예: 연번2348) 같은 '구조하러 들어갔다 연쇄 사고' 조건이 아니면 부분관련 후보
SL_A_4_006,④ 사고원인·재발방지,충전부,manager,크레인에 매단 작업대에 타고 가로수 가지치기를 하다 감전된 사고는 왜 났고 어떻게 막나요?,"원인: 이동식 크레인에 설치된 작업대에 탑승해 가로수 가지치기 작업을 하던 중, 작업구간 상부의 고압 배전선(22.9kV)에 재해자의 신체 일부 또는 작업도구가 닿아 감전되었고, 약 10m 높이의 바닥으로 추락하였다. / 재발방지: ① 추락할 위험이 있는 작업에서는 활선작업용 장치(고소작업대차 등), 안전대 부착설비 등의 안전방호조치를 한다. ② 충전부 인근에서 작업할 때는 감전을 막기 위해 적정 이격거리를 지킨다. ③ 감전 위험이 있는 작업에서는 배선의 절연조치, 충전부 방호조치 등 안전방호조치를 한다.","2020년 03월경 ○○현장에서 재해자가 이동식 크레인에 탑승설비를 설치한 작업대에 탑승하여 가지치기 작업 중 작업구간 상부의 배전선(22.9kV)에 재해자의 신체일부 또는 작업도구가 닿아 감전이 되어재해자가 바닥(H≒10m)으로 추락하여 사망 / 이동식 크레인에 설치된 작업대에 탑승하여 가로수 가지치기 작업 중 상부 고압선(22.9kV)에 감전 / 추락할 위험이 있는 작업 시, 활선작업용 장치(고소작업대차 등), 안전대 부착설비 등의 안전방호조치 실시 / 충전부 인근에서 작업 시, 감전방지를 위해 적정 이격거리 준수 / 감전 위험이 있는 작업 시, 배선의 절연조치, 충전부 방호조치 등 안전방호조치 실시","SIF 건설업 연번 2271 (2020년, 기인물 충전부) · data/processed/1_SIF_건설업.csv",충전부|배전선|이격거리|활선작업,medium,충전부(감전) 사례 중 고소작업이 아닌 건(예: 연번2108 코어드릴 누전)은 대책이 달라 부분관련 후보
SL_A_4_007,④ 사고원인·재발방지,분쇄·파쇄기,worker,파쇄기 입구에 낀 자재를 빼려고 벨트 위에 올라갔는데 다른 사람이 벨트를 켜서 떨어진 사고는 어떻게 막아요?,"원인: 파쇄기 입구를 막고 있는 자재를 제거하기 위해 컨베이어 벨트를 정지하고 벨트 위에 올라가 투입구의 자재를 제거하던 중, 이를 인지하지 못한 동료 작업자가 컨베이어를 작동시켜 재해자가 파쇄기 안으로 떨어졌다. 설비를 정지시키지 않거나 전원을 차단하지 않은 상태에서 정비·보수·청소·교체·조정·점검 등의 작업을 하는 중 생기는 위험으로 분류되어 있다. / 재발방지: ① 점검·청소·정비 같은 비정형 작업을 할 때는 운전을 정지하고 전원을 차단한다. ② 운전을 시작하기 전 조치를 철저히 한다. ③ 근로자가 출입할 때 설비가 정지되도록 인터록(Inter Lock)을 설치한다.",2022년 5월경 OO공장에서 재해자가 파쇄기 입구를 막고 있는 자재를 제거하기 위해 컨베이어 벨트를 정지하고 컨베이어 벨트 위에 올라가 파쇄기 투입구에서 자재를 제거하던 중 이를 인지하지 못한 동료 작업자가 컨베이어를 작동시키며 피재자가 파쇄기 안으로 떨어지며 사고가 발생 / 『설비를 정지시키지 않거나 전원을 차단하지 않은 상태에서 정비·보수·청소·교체·조정·점검 등의 작업』 중 사고 위험 / 비정형(점검·청소·정비) 작업 수행 시 운전 정지 및 전원차단 실시 / 운전 시작 전 조치 철저 / 근로자 출입 시 설비정지를 위한 인터록(Inter Lock) 설치,"SIF 제조업등 연번 278 (2022년, 기인물 분쇄·파쇄기) · data/processed/1_SIF_제조업등.csv",파쇄기|인터록|전원차단|오작동,medium,분쇄기 투입 중 끼임(연번484)은 상황이 달라 부분관련 후보
SL_A_4_008,④ 사고원인·재발방지,혼합기,worker,혼합기 안을 청소하는데 갑자기 날이 돌아가서 끼이는 사고는 왜 나고 어떻게 막아요?,"원인: 혼합공정에서 재해자가 혼합기 내부를 청소하던 중, 불시에 가동한 혼합기 날에 끼여 사망하였다. 정비·보수·청소·교체·조정·점검 등의 작업 중 작업자 외 다른 사람이 설비를 가동해 갑자기 작동하면서 생기는 사고 위험으로 분류되어 있다. / 재발방지: ① 회전 중인 구동부(혼합기 날)에 접근하지 못하도록 덮개 설치 등 필요한 조치를 한다. ② 청소 작업 시 전원을 차단한다. ③ 작업자 간 시야가 확보되어 있지 않으므로 설비의 위치·크기를 변경하거나 반사경 등을 설치한다.",2020년 12월경 OO사업장 혼합공정에서 재해자가 혼합기 내부 청소 작업 중 불시에 가동한 혼합기 날에 끼여 사망 / 『정비·보수·청소·교체·조정·점검 등의 작업 중 작업자 외 다른 사람이 설비를 가동』하여 갑자기 작동된 설비로 인한 사고 위험 / 회전중인 구동부(혼합기 날)에 접근하지 못하도록 덮개 설치 등 필요한 조치 / 청소 작업 시 전원 차단 실시 / 작업자간 시야가 확보되어 있지 않으므로 설비 위치·크기 변경 또는 반사경 등을 설치,"SIF 제조업등 연번 203 (2020년, 기인물 혼합기) · data/processed/1_SIF_제조업등.csv",혼합기|청소|전원차단|덮개,easy,혼합기 시운전 중 전원 오인 투입 사고(연번1035)는 원인이 달라 부분관련 후보
SL_A_4_009,④ 사고원인·재발방지,중량물(톤백),manager,트럭에 실린 톤백 위에서 고리를 지게차 포크에 걸다가 떨어진 사고는 원인과 예방법이 뭔가요?,"원인: 원료창고에서 재해자가 화물자동차 적재함에 실린 톤백 위에서 톤백 고리를 지게차 포크에 걸어주는 작업을 하던 중, 포크에 걸려 있던 톤백에 맞아 지면(높이 약 2.3m)으로 떨어졌다. 양중하고 있는 물체 또는 매달아 올려진 물체의 낙하·전도·충돌 등으로 인한 사고 위험으로 분류되어 있다. / 재발방지: ① 추락방지조치를 실시한다. ② 작업계획서를 작성하고 그대로 지킨다.","2023년 10월경 OO공장(원료창고)에서 재해자가 화물자동차 적재함에 실린 톤백 위에서 톤백 고리를 지게차 포크에 걸어주는 작업을 하던 중, 포크에 걸려 있던 톤백에 맞아 지면(높이 약 2.3m)으로 떨어져 사망 / 『양중하고 있는 물체 또는 양중하여 매달아 올려진 물체』의 낙하·전도·충돌 등으로 인한 사고 위험 / 추락방지조치 실시 / 작업계획서 작성 및 준수","SIF 제조업등 연번 356 (2023년, 기인물 중량물(톤백)) · data/processed/1_SIF_제조업등.csv",톤백|지게차|양중|작업계획서,medium,톤백 적재가 무너져 덮친 사고(연번1707)는 상황이 달라 부분관련 후보. 대책은 2가지뿐
SL_A_4_010,④ 사고원인·재발방지,이동식크레인,manager,이동식 크레인으로 철근 다발을 옮기다 와이어로프가 끊어져 떨어진 사고는 왜 났고 어떻게 막나요?,"원인: 외부 자재야적장에서 이동식크레인(55톤)으로 철근 2다발(약 2톤, L=10m)을 운반하던 중, 크레인 보조훅의 와이어로프 단말가공 부분 안쪽에서 와이어로프가 파단되어 철근다발이 재해자의 복부로 낙하하였다. / 재발방지: ① 작업을 시작하기 전에 안전장치(와이어로프 등)의 설치와 작동상태를 확인한다. ② 크레인으로 작업할 때 중량물이 작업자의 머리 위로 통과하지 않도록 하부구간 작업자를 통제한다. ③ 크레인으로 적재할 때는 인양을 유도하기 위한 보조로프를 사용한다.","2017년 07월경 ○○현장에서 피재자가 외부 자재야적장에서 이동식크레인(55톤)으로 철근 2다발(약 2톤, L=10m)을 운반 중, 크레인 보조훅의 와이어로프 단말가공 부분의 안쪽에서 와이어로프가 파단되며 운반중인 철근다발이 피재자의 복부로 낙하하여 사망 / 이동식크레인으로 철근 2다발(약 2톤)을 운반 중, 크레인 보조훅의 와이어로프 단말가공 부분의 안쪽에서 와이어로프가 파단되며 운반중인 철근다발이 낙하 / 작업 시작 전 안전장치(와이어로프 등) 설치 및 작동상태 확인 / 크레인을 사용하여 작업 시 중량물이 작업자의 머리 위로 통과하지 않도록 하부구간 작업자 통제 / 크레인을 사용하여 적재 시 인양을 유도하기 위한 보조로프 사용","SIF 건설업 연번 471 (2017년, 기인물 이동식크레인) · data/processed/1_SIF_건설업.csv",이동식크레인|와이어로프|파단|보조로프,medium,크레인 인양 중 낙하·충돌 사고(연번148 등)는 상황이 달라 부분관련 후보
SL_A_3_011,③ 유사 사고사례,철골구조물,worker,철골 기둥 조립을 끝내고 내려오다 손을 놓쳐서 떨어진 사고가 있었나요?,2018년 11월경 주차타워 철골기둥 조립작업을 마치고 내려오던 재해자가 승강용트랩에서 손을 놓쳐 몸의 중심을 잃고 약 8.4m 높이에서 추락해 사망한 사례가 있다.,2018년 11월경 ○○현장에서 재해자가 주차타워 철골기둥 조립작업을 마치고 내려오다 승강용트랩에서 손을 놓쳐 몸의 중심을 잃고 추락(H≒8.4m)하여 사망 / 주차타워 철골기둥 조립작업을 마치고 내려오다 승강용트랩에서 손을 놓쳐 몸의 중심을 잃고 추락,"SIF 건설업 연번 720 (2018년, 기인물 철골구조물) · data/processed/1_SIF_건설업.csv",철골|승강용트랩|추락,easy,"같은 철골 작업 추락 사례(예: 연번647, 철골보 위 퍼린 설치)는 승하강 중 사고가 아니라 부분관련 후보"
SL_A_3_012,③ 유사 사고사례,슬라브단부,manager,지하층 슬래브 끝에서 잭 서포트 위치를 옮기다가 서포트가 쓰러지면서 같이 떨어진 사고가 있나요?,"2017년 11월경 기존 건물 지하 1층 슬래브 단부에서 재해자가 동료작업자와 잭써포트 위치 수정작업을 하던 중 잭써포트가 쓰러지면서 다리에 걸려 몸의 중심을 잃고, 잭써포트와 함께 지하 2층 바닥으로 약 3.95m 추락해 사망한 사례가 있다.","2017년 11월경 ○○현장의 기존 건물 지하 1층 슬래브 단부에서 피재자가 동료작업자와 잭써포트 위치 수정작업을 진행하던 중, 잭써포트가 쓰러지면서 피재자 다리에 걸려 몸의 중심을 잃고 잭써포트와 함께 지하 2층 바닥으로 추락(H≒3.95m) 사망 / 지하층 슬래브 단부에 인력으로 잭써포트 위치 수정 작업 중 잭써포트가 쓰러지면서 근로자 다리에 걸려 중심을 잃고 잭써포트와 함께 아래층으로 추락","SIF 건설업 연번 250 (2017년, 기인물 슬라브단부) · data/processed/1_SIF_건설업.csv",슬래브단부|잭써포트|추락,medium,질문의 '잭 서포트'는 원문 표기 '잭써포트'를 일상 표기로 바꾼 것
SL_A_3_013,③ 유사 사고사례,트럭류,manager,작업장으로 이동하려고 소형 트럭 적재함까지 나눠 타고 가다가 경사진 길에서 이탈한 사고가 있었나요?,"2017년 10월경 근로자 9명이 작업구역으로 이동하려고 소형 덤프트럭(1톤)의 승차석과 외부 적재함에 나눠 타고 관리도로(폭 2.8m, 하향경사 약 22%)를 이동하던 중 차량이 도로를 이탈해 약 15m 아래 경사지로 떨어져 1명이 사망하고 8명이 부상한 사례가 있다.","2017년 10월경 ○○현장에서 근로자 9명이 작업구역으로 이동하기 위해 소형 덤프트럭(1톤)의 승차석과 외부 적재함에 나누어 타고 관리도로(아스콘포장, 폭 2.8m, 하향경사 약 22%)를 통해 이동하던 중 차량이 도로를 이탈, 약 15m 아래의 경사지로 떨어져 1명이 사망하고, 8명이 부상 / 잔디 식재를 위해 소형 트럭의 승차석과 외부 적재함에 다수의 근로자가 나눠타고 현장 내 이동하던 중 차량이 급 경사도로에서 이탈하여 경사지로 떨어짐","SIF 건설업 연번 2251 (2017년, 기인물 트럭류) · data/processed/1_SIF_건설업.csv",트럭|적재함|탑승|경사지,medium,"트럭 관련 다른 사고(예: 연번28, 덮개 점검 중 추락)는 상황이 달라 부분관련 후보"
SL_A_3_014,③ 유사 사고사례,트럭류,worker,덤프트럭 덮개를 점검하려고 적재함에 올라갔다가 떨어진 사고가 있어요?,2018년 8월경 덤프트럭(25.5ton)으로 토사 반출 작업을 하던 재해자가 현장 주출입구를 나와 인근 외부도로에 정차한 뒤 적재함에 올라가 덮개를 점검하다가 도로 바닥으로 약 2.55m 추락해 사망한 사례가 있다.,"2018년 08월경 ○○현장에서 재해자가 덤프트럭(25.5ton)으로 토사 반출 작업을 하던 중, 현장 주출입구를 나와 인근 외부도로에 정차 후 적재함에 올라가 덮개를 점검하다가 도로 바닥으로 추락(약 2.55m)하여 사망 / 토사 반출 작업 중 덤프트럭을 정차 후 적재함에 올라가 덮개를 점검하다가 실족하여 바닥으로 추락","SIF 건설업 연번 28 (2018년, 기인물 트럭류) · data/processed/1_SIF_건설업.csv",덤프트럭|적재함|덮개|추락,easy,이 연번 28은 건설업 파일 기준(제조업 파일의 연번 28 컨베이어 사례와 다름). 트럭 이동 중 이탈 사고(연번2251)는 부분관련 후보
SL_A_3_015,③ 유사 사고사례,거푸집,manager,벽 거푸집을 해체하다가 거푸집이 넘어지면서 깔린 사고 사례가 있나요?,"2021년 4월경 지하층 발전기실에서 재해자가 합벽거푸집(H2.4m×L3m, 324kg) 해체작업 중 거푸집 경사지지대를 가지러 이동하려는 순간 해체 중이던 합벽거푸집이 전도되면서 깔려 사망한 사례가 있다.","2021년 04월경 ○○현장에서 피재자가 지하층 발전기실 합벽거푸집(H2.4m×L3m, 324kg) 해체작업 중 거푸집 경사지지대를 가지러 이동하려는 순간 해체중인 합벽거푸집이 전도되면서 피재자가 깔려 사망 / 합벽거푸집 해체작업 중 거푸집 경사지지대를 가지러 이동하려는 순간 해체중인 합벽거푸집이 전도되면서 깔림","SIF 건설업 연번 391 (2021년, 기인물 거푸집) · data/processed/1_SIF_건설업.csv",거푸집|해체|전도|깔림,easy,"거푸집 관련 다른 사고(예: 연번518, 데크플레이트 붕괴)는 상황이 달라 부분관련 후보"
SL_A_3_016,③ 유사 사고사례,바닥개구부,worker,아파트 기계실 안에서 작업하다 유로폼으로 덮어 둔 바닥 구멍으로 떨어진 사고가 있나요?,2018년 12월경 아파트 정화조 기계실 내부에서 골재 제거 작업을 하던 작업자가 유로폼으로 덮어 놓은 바닥 개구부로 추락해 사망한 사례가 있다.,2018년 12월경 ○○현장에서 작업자가 아파트 정화조 기계실 내부에서 골재 제거 작업 중 유로폼으로 덮어놓은 바닥 개구부으로 추락하여 사망 / 아파트 정화조 기계실 내부에서 골재 제거 작업 중 유로폼으로 덮어놓은 바닥 개구부으로 추락,"SIF 건설업 연번 3328 (2018년, 기인물 바닥개구부(자재인양구 등)) · data/processed/1_SIF_건설업.csv",바닥개구부|유로폼|덮개|추락,medium,바닥 개구부 추락 사례(예: 연번3000)는 '덮어 둔 개구부' 조건이 아니라 부분관련 후보
SL_A_3_017,③ 유사 사고사례,굴착기(백호우),manager,복공판 위에서 흙을 싣던 굴착기 뒤쪽에 부딪혀서 아래로 떨어진 사고가 있었나요?,"2017년 12월경 재해자가 복공판 위에서 토사 상차 중이던 굴삭기 후미에 부딪쳐, 그 충격으로 복공판 하부 약 8.0m 아래 굴착면으로 추락해 사망한 사례가 있다.",2017년 12월경 ○○ 현장에서 피재자가 복공판 위에서 토사 상차 중이던 굴삭기 후미에 부딪쳐 그 충격으로 복공판 하부 8.0M 아래 굴착면으로 추락하여 사망 / 복공판 위에서 토사 상차작업 중 회전하는 굴착기 후미에 부딪힌 후 복공판 하부로 추락,"SIF 건설업 연번 26 (2017년, 기인물 굴착기(백호우)) · data/processed/1_SIF_건설업.csv",굴삭기|복공판|토사상차|추락,medium,"굴착기 충돌·깔림 사고(예: 연번3, 연번3443)는 복공판 추락 조건이 없어 부분관련 후보. 원문 표기 '굴삭기'"
SL_A_3_018,③ 유사 사고사례,사다리,worker,사다리 위에 올라서서 냉동창고 단열 패널을 떼다가 떨어진 사고가 있나요?,2017년 11월경 재해자가 사다리에 올라서서 냉동창고 내부단열 마감재인 우레탄 샌드위치 패널(판넬)을 해체하는 작업 중 몸의 중심을 잃고 바닥으로 추락해 사망한 사례가 있다.,2017년 11월경 ○○현장에서 재해자가 사다리에 올라서서 냉동창고 내부단열 마감재인 우레탄 샌드위치 판넬을 해체하는 작업 중 몸의 중심을 잃고 바닥으로 추락하여 사망 / 사다리에 올라서서 냉동창고 내부단열 마감재인 우레탄 샌드위치 판넬을 해체하는 작업 중 몸의 중심을 잃고 추락,"SIF 건설업 연번 2746 (2017년, 기인물 사다리) · data/processed/1_SIF_건설업.csv",사다리|냉동창고|샌드위치패널|샌드위치판넬|추락,medium,사다리 추락 사례가 많아(건설업 165건) 판넬 해체 조건이 아닌 사다리 사고는 부분관련 후보
SL_A_3_019,③ 유사 사고사례,나무(벌도목),manager,벌목하다가 먼저 벤 나무가 다른 나무에 걸려 있어서 같이 넘기려다 떨어진 나무에 맞은 사고가 있나요?,"2019년 1월경 벌목현장에서 재해자가 벌목한 벌도목(1번 나무)이 경사면 아래 벚나무(2번 나무)에 걸쳐지자, 벚나무를 벌목해 두 나무를 동시에 넘기려던 중 벚나무에 걸친 벌도목이 떨어지며 머리를 강타해 사망한 사례가 있다.","2019년 1월경 OO산 벌목현장에서 재해자가 벌목한 벌도목(1번 나무)이 경사면 아래 벚나무(2번 나무)에 걸쳐지자, 벚나무(2번 나무)를 벌목해 두 나무(1번, 2번나무)를 동시에 넘기려던 중 벚나무(2번 나무)에 걸친 벌도목(1번 나무)이 떨어지며 재해자의 머리를 강타해 사망 / 『인근에서 작업하던 동료 작업자의 벌도목이나, 주변 나무에 걸려있던 벌도목』 이 떨어짐으로 인한 사고 위험","SIF 제조업등 연번 1577 (2019년, 기인물 나무(벌도목)) · data/processed/1_SIF_제조업등.csv",벌도목|걸림목|벌목,medium,"벌목 중 다른 사고(예: 연번1637, 부러진 소나무 원줄기에 맞음)는 '걸린 나무가 떨어짐' 조건이 아니라 부분관련 후보"
SL_A_3_020,③ 유사 사고사례,리프트(일반작업용),worker,공장 리프트에 끼인 대차를 빼려고 절단하다가 리프트와 같이 떨어진 사고가 있나요?,2016년 4월 염색공장의 일반작업용 리프트에서 재해자가 2층 바닥과 리프트 운반구 사이에 끼인 대차를 빼내려고 그라인더로 대차를 절단하던 중 리프트 운반구와 함께 5m 아래로 떨어진 사례가 있다. 승강로에 걸려 있던 운반구가 원인이 제거되면서 순간적으로 낙하·상승하는 위험으로 분류되어 있다.,2016년 4월 염색공장 내 일반작업용 리프트에서 재해자가 2층 바닥과 리프트 운반구 사이에 끼인 대차를 빼내기 위하여 그라인더로 대차를 절단하던 중 리프트 운반구와 함께 5m 아래로 떨어짐 / 『승강로에 걸려있던 운반구가 그 원인이 제거되면서 순간적으로 낙하·상승』으로 인한 사고 위험,"SIF 제조업등 연번 534 (2016년, 기인물 리프트(일반작업용)) · data/processed/1_SIF_제조업등.csv",리프트|대차|그라인더|운반구,hard,원문에 사망 여부가 적혀 있지 않아 기준 답변에도 쓰지 않음. 리프트 운반구 낙하 사고(예: 연번2249)는 부분관련 후보
SL_A_3_021,③ 유사 사고사례,인화성물질,manager,사우나 냉탕 바닥에 방수 스프레이를 뿌리다가 불이 나서 크게 다친 사고가 있나요?,"2023년 5월경 사우나에서 재해자가 급냉탕 표면에 방수스프레이를 도포하던 중 인화성 가스에 의한 화재가 발생해 3도 화상을 입고, 치료 중 사망한 사례가 있다. 작업장소에서 취급하는 위험물질과 관리되지 않는 점화원(아크, 정전기 등)으로 인한 화재·폭발 위험으로 분류되어 있다.","2023년 5월경 OO사우나에서, 재해자가 사우나 급냉탕의 표면을 방수스프레이를 사용하여 도포 중, 인화성 가스에 의한 화재가 발생하여 화상(3도)을 입고 치료 중사망함 / 『작업장소에서 취급하는 위험물질 및 관리되지 않는 점화원(아크, 정전기 등)』으로 인해 화재·폭발 위험","SIF 제조업등 연번 2469 (2023년, 기인물 인화성물질) · data/processed/1_SIF_제조업등.csv",인화성물질|스프레이|화재|점화원,medium,"인화성 물질 화재·폭발 사례(예: 연번179, 증발기 폭발)는 상황이 달라 부분관련 후보"
SL_A_3_022,③ 유사 사고사례,기계식 주차설비,worker,주차 타워에서 배수펌프를 점검하다가 차를 옮기는 대차에 끼인 사고가 있었나요?,2018년 4월경 기계식주차설비에서 재해자가 배수펌프 점검을 하던 중 차량 이송용 대차와 바닥 사이에 끼여 사망한 사례가 있다. 설비를 정지시키지 않거나 전원을 차단하지 않은 상태에서 정비·보수·청소·교체·조정·점검 등의 작업을 하는 중 생기는 위험으로 분류되어 있다.,2018년 4월경 기계식주차설비에서 재해자가 배수펌프 점검을 하던 중 차량 이송용 대차와 바닥 사이에 끼여 사망 / 『설비를 정지시키지 않거나 전원을 차단하지 않은 상태에서 정비·보수·청소·교체·조정·점검 등의 작업』 중 사고 위험,"SIF 제조업등 연번 2088 (2018년, 기인물 기계식 주차설비) · data/processed/1_SIF_제조업등.csv",기계식주차설비|배수펌프|대차|끼임,medium,"주차설비 관련 다른 사고(예: 연번1024, 리프트 급상승 추락)는 상황이 달라 부분관련 후보"
SL_A_3_023,③ 유사 사고사례,분쇄·파쇄기,manager,분쇄기에 스티로폼을 넣다가 기계가 잘 안 돌아서 눌러 주던 중 안으로 떨어져 끼인 사고가 있었나요?,"2019년 11월 건설재공장에서 재해자가 샌드위치 패널(판넬) 제작 후 남은 스티로폼을 분쇄기에 투입하던 중, 분쇄기가 원활하게 작동하지 않아 투입구의 스티로폼을 누르는 순간 분쇄기 내부로 추락해 끼인 사례가 있다. 설비의 안전장치가 설치되어 있지 않거나 불량하거나 해제된 상태로 사용하다 생기는 위험으로 분류되어 있다.","2019년 11월 건설재공장에서 재해자가 샌드위치 판넬 제작 후 남은 스티로폼을 분쇄기에 투입하는 과정에서 분쇄기가 원활하게 작동하지 않아 투입구의 스티로폼을 누르는 순간 분쇄기 내부로 추락하여 끼임 / 『설비에 안전장치가 설치되어 있지 않거나, 불량하거나, 설치된 안전장치를 해제한 상태』로 사용 중 사고 위험","SIF 제조업등 연번 484 (2019년, 기인물 분쇄·파쇄기) · data/processed/1_SIF_제조업등.csv",분쇄기|스티로폼|투입구|끼임,medium,"분쇄·파쇄기 관련 다른 사고(예: 연번278, 컨베이어 오작동으로 파쇄기에 추락)는 상황이 달라 부분관련 후보"
SL_A_3_024,③ 유사 사고사례,컨베이어,worker,컨베이어를 밟고 올라가 톱밥을 치우다가 돌아가는 롤러에 다리가 말려 들어간 사고가 있나요?,"2016년 1월경 재해자가 체인컨베이어를 밟고 올라가 띠톱기계에 쌓인 톱밥을 제거하던 중, 작동 중인 체인컨베이어의 롤러(스파이크 형태)에 다리가 말리면서 띠톱기계 톱날에 베여 사망한 사례가 있다. 설비를 정지시키지 않거나 전원을 차단하지 않은 상태에서 정비·보수·청소·교체·조정·점검 등의 작업을 하는 중 생기는 위험으로 분류되어 있다.",2016년 1월경 OO사업장에서 재해자가 체인컨베이어를 밟고 올라가 띠톱기계에 쌓인 톱밥을 제거하던 중 작동중인 체인컨베이어의 롤러(스파이크 형태)에 다리가 말리면서려 띠톱기계 톱날에 베여 사망 / 『설비를 정지시키지 않거나 전원을 차단하지 않은 상태에서 정비·보수·청소·교체·조정·점검 등의 작업』 중 사고 위험,"SIF 제조업등 연번 696 (2016년, 기인물 컨베이어) · data/processed/1_SIF_제조업등.csv",체인컨베이어|톱밥|롤러|말림,hard,"컨베이어 끼임 사고(예: 연번28, 하부 이물질 제거)는 상황이 달라 부분관련 후보. 원문 '말리면서려'는 오타라 기준 답변에서만 바로잡음"
SL_A_3_025,③ 유사 사고사례,지게차,manager,지게차로 원단을 쌓다가 쓰러지려는 걸 잡으려다 지게차 레버를 건드려서 끼인 사고가 있나요?,"2019년 7월 골판지공장에서 재해자가 지게차를 운전해 골판지 원단을 2단 적재하던 중 상부 원단이 균형을 잃고 쓰러지려 하자 손으로 지지하려는 순간, 신체로 지게차 틸트레버를 작동시켜 지게차 마스트와 프레임 사이에 끼인 사례가 있다. 설비를 오조작해 갑자기 작동한 설비에 의한 사고 위험으로 분류되어 있다.",2019년 7월 골판지공장에서 재해자가 지게차를 운전하여 골판지 원단을 2단 적재하는 과정에서 균형을 잃고 쓰러지려하는 상부 원단을 손으로 지지하려는 순간 신체로 지게차 틸트레버를 작동시켜 지게차 마스트와 프레임 사이에 끼임 / 『설비를 오조작하여 갑자기 작동한 설비』에 의한 사고 위험,"SIF 제조업등 연번 741 (2019년, 기인물 지게차) · data/processed/1_SIF_제조업등.csv",지게차|틸트레버|오조작|끼임,medium,원문에 사망 여부가 적혀 있지 않아 기준 답변에도 쓰지 않음. 지게차-보행자 충돌 사고(예: 연번11)는 상황이 달라 부분관련 후보
SL_A_4_011,④ 사고원인·재발방지,철골구조물,worker,철골 위에서 지붕 마감재 고정 철물을 나르다 떨어지는 사고는 왜 나고 어떻게 막나요?,원인: 철골보 위에서 지붕 마감재 고정철물(purlin)을 설치하던 중 몸의 중심을 잃고 약 11.0m 아래 지상 콘크리트 바닥으로 추락하였다. 안전대를 착용하지 않았고 추락방호조치가 되어 있지 않은 철골구조물 상부에서 C형강(퍼린) 운반작업을 하던 중이었다. / 재발방지: ① 추락방지망 설치 등 안전방호조치를 한다. ② 안전방호조치가 현장 여건상 어려우면 별도의 안전대 부착설비를 설치한다. ③ 작업자의 개인보호구 착용 여부를 관리감독한다.,"2017년 12월경 ○○현장에서 피재자가 철골보 위에서 지붕 마감재 고정철물(purlin)을 설치하던 중 몸의 중심을 잃고 약 11.0m 아래 지상 콘크리트 바닥으로 떨어져 사망 / 안전대 미착용 및 추락방호조치가 되어 있지 않은 철골구조물 상부에서 C형강 (퍼린, Purlin) 운반작업 중 추락 / 추락방지망 설치 등의 안전방호조치 실시 / 안전방호조치가 현장 여건 상 어려울 경우, 별도의 안전대 부착설비를 설치 / 작업자의 개인보호구 착용여부 관리감독","SIF 건설업 연번 647 (2017년, 기인물 철골구조물) · data/processed/1_SIF_건설업.csv",철골|퍼린|추락방지망|안전대,medium,"철골 작업 추락 사례(예: 연번720, 승강용트랩에서 손을 놓침)는 대책이 달라 부분관련 후보"
SL_A_4_012,④ 사고원인·재발방지,거푸집,manager,슬래브 데크플레이트 위에서 철근을 조립하다 바닥판이 무너진 사고는 왜 나고 어떻게 막나요?,"원인: 지상 2층 슬래브 데크플레이트 위에서 재해자 2명이 철근 조립을 하던 중, 상부에 적재된 철근의 하중(약 5.3톤)에 의해 데크플레이트가 붕괴되어 부상을 입었다. 보거푸집 위에 설치된 슬래브 데크플레이트였다. / 재발방지: ① 거푸집 동바리를 조립할 때 구조검토를 한 뒤 조립도를 작성한다. ② 보 형식 동바리 안전조치를 한다(양단 걸침길이 확보와 고정 철저, 보거푸집을 지지하는 동바리 수평연결재 설치 등으로 보거푸집이 옆으로 넘어지지 않게 견고하게 설치). ③ 데크플레이트 상부에 철근을 분산하여 적재한다.","2022년 3월경 ○○현장에서 피재자 2명이 지상2층 슬래브 데크플레이트 위에서 철근 조립을 하던 중 상부에 적재된 철근의 하중(약 5.3톤)에 의해 데크플레이트가 붕괴되어 부상 / 보거푸집 위에 설치된 슬래브 데크플레이트 위에서 철근 조립을 하던 중 상부에 적재된 철근의 하중(약 5.3톤)에 의해 데크플레이트가 붕괴 / 거푸집 동바리 조립시 구조검토 후 조립도 작성 / 보 형식 동바리 안전조치 실시 / - 양단 걸침길이 확보, 고정철저, / - 보거푸집 지지하는 동바리 수평연결재 설치 등 보 거푸집이 옆으로 넘어지지 않게 견고하게 설치 / 데크플레이트 상부에 철근을 분산하여 적재","SIF 건설업 연번 518 (2022년, 기인물 거푸집) · data/processed/1_SIF_건설업.csv",데크플레이트|철근하중|동바리|분산적재,hard,"거푸집 관련 다른 사고(예: 연번391, 합벽거푸집 전도)는 상황이 달라 부분관련 후보. 사망이 아니라 부상 사례"
SL_A_4_013,④ 사고원인·재발방지,바닥개구부,worker,비계 자재를 나르다 균형을 잃고 바닥 구멍으로 떨어진 사고는 어떻게 막아요?,원인: 비계설치 작업을 위해 자재를 운반하던 중 몸의 균형을 잃고 개구부로 추락하였다. / 재발방지: ① 추락할 위험이 있는 개구부에는 안전난간 또는 덮개 등을 충분한 강도를 가진 구조로 튼튼하게 설치한다. ② 추락위험이 있는 대형 개구부에는 추락방호망을 설치한다. ③ 개구부 주변에서 작업할 때는 안전대 부착설비를 설치하고 안전대를 착용한다.,"2019년 7월경 ○○현장에서 비계설치 작업을 위해 자재를 운반하던 중, 몸의 균형을 잃고 개구부로 추락하여 사망 / 비계설치 작업을 위해 자재를 운반하던 중, 몸의 균형을 잃고 개구부로 추락 / 추락할 위험이 있는 개구부에는 안전난간 또는 덮개 등을 충분한 강도를 가진 구조로 튼튼하게 설치 / 추락위험이 있는 대형 개구부에는 추락방호망 설치 / 개구부 주변 작업시 안전대 부착설비 설치 및 안전대 착용","SIF 건설업 연번 3000 (2019년, 기인물 바닥개구부(자재인양구 등)) · data/processed/1_SIF_건설업.csv",개구부|덮개|안전난간|추락방호망,easy,"원문 개요가 짧아 원인 설명이 한 문장뿐. 개구부 추락 사례(예: 연번3328, 유로폼으로 덮은 개구부)는 부분관련 후보"
SL_A_4_014,④ 사고원인·재발방지,이동식비계,worker,이동식 비계에서 사다리로 내려오다 발을 헛디뎌 떨어지는 사고는 왜 나고 어떻게 막아요?,"원인: 이동식비계 승하강용 사다리를 이용해 내려오던 중 발을 헛디뎌 바닥으로 추락하였다. / 재발방지: ① 이동식비계 승하강용 사다리로 이동할 때는 수직구명줄, 안전블럭 등 안전대 부착설비를 설치해 추락을 막는다. ② 승하강용 사다리로 이동할 때 작업자의 실족과 추락을 막기 위해 작업장 조도를 확보한다(적절한 조명기구 설치 등). ③ 작업자의 개인보호구와 안전대 체결 여부를 점검하고 관리감독한다.","2018년 5월경 ○○현장에서 이동식비계 승하강용 사다리를 이용하여 내려오던 중 승하강 사다리에서 바닥으로 떨어져 사망 / 이동식비계에서 내려오던 중 발을 헛디뎌 바닥으로 추락 / 이동식 비계 승하강용 사다리를 이용하여 이동하는 경우 수직구명줄, 안전블럭 등 안전대 부착설비를 설치하여 근로자 추락 방지 / 이동식비계 승하강용 사다리 이용하여 이동 시, 작업자 실족 및 추락방지 하기 위한 작업장 조도 확보(적절한 조명기구 설치 등) / 작업자의 개인보호구, 안전대 체결여부 점검 및 관리감독","SIF 건설업 연번 3041 (2018년, 기인물 이동식비계) · data/processed/1_SIF_건설업.csv",이동식비계|승하강사다리|수직구명줄|조도,easy,이동식비계 작업발판에서 떨어진 사고(예: 연번888)는 원인이 달라 부분관련 후보
SL_A_4_015,④ 사고원인·재발방지,달비계,manager,달비계로 내려가다 줄이 모자라 떨어지는 사고는 왜 나고 어떻게 막나요?,"원인: 지상 3층 도장작업을 끝내고 다시 1층까지 도장작업을 하려고 달비계로 내려가던 중, 달비계 작업로프의 길이가 부족해 약 8.0m 아래 콘크리트 바닥으로 추락하였다. / 재발방지: ① 달비계 로프는 지상바닥에 충분히 닿도록 길이를 확보한다. ② 달비계 작업 시 수직구명줄을 별도로 설치하고 추락방지대를 체결한 뒤 작업한다. ③ 달비계 로프는 2개 이상의 견고한 고정점에 풀리지 않도록 결속한다. ④ 달줄이 구조물과 면하는 모서리부는 마모되지 않도록 보호패드를 설치한다. ⑤ 달비계에 탑승하기 전에 수직구명줄에 추락방지대를 체결한 뒤 탑승한다.","2023년 4월경 ○○현장에서 피재자가 지상 3층 도장작업이 끝난 후 다시 1층까지 도장작업을 하기 위해 달비계로 내려가던 중, 달비계 작업로프의 길이가 부족하여 약 3층 높이에서 콘크리트 바닥(h≒8.0m)으로 떨어져 사망 / 달비계로 내려가던 중, 달비계 작업로프의 길이가 부족하여 추락 / 달비계 로프는 지상바닥에 충분히 닫도록 길이 확보 / 달비계 작업 시 수직구명줄을 별도로 설치하고 추락방지대를 체결한 후 작업 / 달비계 로프는 2개 이상의 견고한 고정점에 풀리지 않도록 결속 / 달줄이 구조물과 면하는 모서리부는 마모되지 않도록 보호패드 설치 / 달비계 탑승 전 수직구명줄에 추락방지대 체결 후 탑승","SIF 건설업 연번 1260 (2023년, 기인물 달비계) · data/processed/1_SIF_건설업.csv",달비계|로프길이|수직구명줄|추락방지대,medium,원문 대책의 '닫도록'은 오타라 기준 답변에서만 '닿도록'으로 바로잡음. 달비계 로프 끊김 사고(연번3391)는 부분관련 후보. 대책 5가지
SL_A_4_016,④ 사고원인·재발방지,슬라브단부,manager,전력선 지주를 세우고 와이어 고정용 앙카를 박다가 옹벽 아래로 떨어진 사고는 어떻게 막아요?,"원인: 전기차 충전시설의 전력선 설치를 위해 지주를 설치하고 지주 전도 방지용 와이어로프 고정 앙카를 설치하던 중, 몸의 중심을 잃고 약 7m 아래 옹벽 하부로 추락하였다. / 재발방지: ① 작업발판 단부처럼 근로자가 떨어질 위험이 있는 장소에는 안전난간 및 안전방망을 설치한다. ② 안전난간 설치가 곤란한 경우에는 안전대 부착설비를 설치하고 안전대를 착용한다. ③ 안전모 등 개인보호구 착용을 철저히 한다.","2023년 11월경 ○○현장에서 피재자가 전기차 충전시설의 전력선 설치를 위해 지주를 설치하고 지주의 전도를 방지하기 위한 와이어로프 고정용 앙카를 설치하던 중, 몸의 중심을 잃고 옹벽하부(H≒7m)로 떨어져 사망 / 전력선 설치를 위해 지주를 설치하던 중, 몸의 중심을 잃고 옹벽하부로 추락 / 작업발판의 단부와 같이 근로자가 떨어질 위험이 있는 장소에는 안전난간 및 안전방망 설치 / 안전난간 설치가 곤란한 경우 안전대 부착설비 설치 및 안전대 착용 / 안전모 등 개인보호구 착용 철저","SIF 건설업 연번 1822 (2023년, 기인물 슬라브단부) · data/processed/1_SIF_건설업.csv",옹벽|앙카|안전난간|안전방망,medium,슬래브 단부 추락 사례(예: 연번250)는 상황이 달라 부분관련 후보
SL_A_4_017,④ 사고원인·재발방지,토사,worker,3.5미터쯤 판 구덩이에 내려가서 관 연결부 흙을 치우려다 옆 흙이 무너진 사고는 왜 나고 어떻게 막아요?,"원인: 우수관 매설작업을 위해 굴착기로 3.5m 깊이 터파기를 하던 중, 재해자가 우수관 연결부의 토사를 제거하려고 굴착면으로 내려가 작업하려는 순간 굴착 사면 토사가 붕괴되어 매몰되었다. / 재발방지: ① 굴착작업 시 굴착면의 기울기 기준을 지킨다. ② 지반의 붕괴 또는 토석의 낙하로 근로자에게 위험이 생길 우려가 있으면 작업 전에 흙막이 지보공을 설치한다. ③ 옹벽, 콘크리트 벽 등 구조물에 근접한 장소에서 굴착할 때는 붕괴 위험 요인을 보강·이설·제거하는 등 위험 방지 조치를 한다. ④ 굴착토사나 자재 등을 굴착 선단부에 쌓아 두지 않는다. ⑤ 굴착 대상 지반의 지형, 지질, 지층상태 및 함수 유무 등을 사전에 조사한다.","2021년 11월경 ○○현장에서 우수관 매설작업을 위해 굴착기를 이용하여 3.5m 깊이로 터파기를 진행하던 중, 재해자가 우수관 연결부에 토사를 제거하기 위하여 굴착면으로 내려가 작업하려는 순간 굴착 사면 토사가 붕괴ㆍ매몰되어 사망 / 우수관(흄관*) 연결부에 토사를 제거하기 위하여 굴착면으로 내려가 작업하려는 순간 굴착 사면 토사가 붕괴 매몰 / 굴착작업 시 굴착면의 기울기 기준 준수 / 지반의 붕괴 또는 토석의 낙하에 의한 근로자에게 위험 발생 위험이 있을 시 작업 전 흙막이 지보공을 설치 / 옹벽, 콘크리트 벽 등의 구조물에 근접한 장소에서 굴착 시 붕괴 위험 요인 보강 또는 이설, 제거 등의 위험 방지 조치 실시 / 굴착토사나 자재 등 굴착 선단부에 적치 금지 / 굴착대상 지반의 지형, 지질, 지층상태 및 함수 유무 등 사전조사 실시","SIF 건설업 연번 2656 (2021년, 기인물 토사) · data/processed/1_SIF_건설업.csv",굴착|사면붕괴|흙막이지보공|사전조사,medium,연번2631(SL_A_3_008 정답)과 같은 토사 붕괴 유형이라 서로 관련/부분관련 후보. 대책 5가지로 항목 수 채점 가능
SL_A_4_018,④ 사고원인·재발방지,이동식크레인,manager,차에 실린 장비를 크레인으로 내리다 옹벽 사이에 끼인 사고는 원인이 뭐고 어떻게 막나요?,"원인: 도로 경사면에 녹생토를 설치하기 위해 차량탑재형 크레인으로 적재함에 실린 녹생토 설치용 컨베이어를 지면으로 내리던 중, 재해자가 컨베이어와 인접한 옹벽 사이에 끼였다. / 재발방지: ① 중량물 취급 작업 시 줄걸이 및 인양방법, 안전대책을 포함한 작업계획서를 작성하고, 그 계획대로 작업하도록 지도·감독한다. ② 중량물 인양 등 작업 시 근로자 출입을 통제한다.","2022년 7월경 ○○현장 도로 경사면에 녹생토 설치를 위해 차량탑재형 크레인을 이용하여 적재함에 실린 녹생토 설치용 컨베이어를 지면으로 내리던 중, 재해자가 컨베이어와 인접한 옹벽 사이에 끼여서 사망 / 도로 경사면에 녹생토 설치를 위해 차량탑재형 크레인을 이용하여 적재함에 실린 녹생토 설치용 컨베이어를 지면으로 내리던 중, 재해자가 컨베이어와 인접한 옹벽 사이에 끼임 / 중량물 취급 작업 시 줄걸이 및 인양방법 및 안전대책을 포함한 작업계획서를 작성하고, 그 계획에 따라 작업을 하도록 지도·감독 실시 / 중량물 인양 등 작업 시 근로자 출입 통제","SIF 건설업 연번 3181 (2022년, 기인물 이동식크레인) · data/processed/1_SIF_건설업.csv",차량탑재형크레인|녹생토|줄걸이|출입통제,hard,"크레인 인양 사고(예: 연번471, 와이어로프 파단 낙하)는 상황이 달라 부분관련 후보. 대책 2가지"
SL_A_4_019,④ 사고원인·재발방지,리프트(일반작업용),manager,건물 바깥 리프트에 가구를 싣고 타고 올라가다 운반구가 떨어진 사고는 왜 나고 어떻게 막나요?,"원인: 가구매장에서 재해자 2명이 건물 외벽에 설치된 리프트에 가구(쇼파 2개)를 싣고 탑승해 3층 옥상으로 상승하던 중, 가이드레일에서 운반구의 가이드롤러가 빠지면서 운반구가 훅에서 이탈해 약 7.8m 높이에서 추락하였다. 승강로에 걸려 있던 운반구가 원인이 제거되면서 순간적으로 낙하·상승하는 위험으로 분류되어 있다. / 재발방지: ① 리프트 운반구에 근로자가 탑승하지 못하게 한다. ② 안전인증 기준에 적합한 리프트를 사용한다. ③ 결함을 발견하면 즉시 정비한 뒤 사용한다.","2021년 7월경 가구매장에서 재해자 2명이 건물 외벽에 설치된 리프트에 가구(쇼파2개)를 싣고 탑승하여 3층 옥상으로 상승 중, 가이드레일에서 운반구의 가이드롤러가 빠지면서 운반구가 훅에서 이탈하여 약 7.8m 높이에서 추락하며 재해자 2명이 같이 떨어져 부상 / 『승강로에 걸려있던 운반구가 그 원인이 제거되면서 순간적으로 낙하·상승』으로 인한 사고 위험 / 리프트 운반구에 근로자 탑승 금지 조치 / 안전인증 기준에 적합한 리프트 사용 / 결함 발견 즉시 정비 후 사용 조치","SIF 제조업등 연번 2249 (2021년, 기인물 리프트(일반작업용)) · data/processed/1_SIF_제조업등.csv",리프트|운반구|탑승금지|안전인증,medium,부상 사례(사망 아님). 리프트 운반구 낙하 사고(예: 연번534)는 상황이 달라 부분관련 후보
SL_A_4_020,④ 사고원인·재발방지,인화성물질,manager,정비 중이던 증발기가 폭발해서 근처에서 작업하던 사람이 화염에 숨진 사고는 어떻게 막아요?,"원인: 부스터 펌프 스테이션 상부에서 작업하던 재해자가, 정비·보수 중이던 바이오디젤 증발기에서 일어난 폭발로 전파된 화염에 사망하였다. 작업장소에서 취급하는 위험물질과 관리되지 않는 점화원(아크, 정전기 등)으로 인한 화재·폭발 위험으로 분류되어 있다. / 재발방지: ① 정비·보수 작업이 생기면 인화성 액체를 방출하고 불활성화한다. ② 충분한 퍼지 및 환기 조치로 폭발 분위기가 형성되지 않게 한다. ③ 점검·청소·정비 같은 비정형 작업을 할 때는 운전을 정지하고 전원을 차단한다.","2016년 12월경 OO사업장에서 재해자가 부스터 펌프 스테이션 상부에서 작업하던 중 정비·보수중이던 바이오디젤 증발기에서 폭발이 일어나 전파된 화염에 사망 / 『작업장소에서 취급하는 위험물질 및 관리되지 않는 점화원(아크, 정전기 등)』으로 인해 화재·폭발 위험 / 정비‧보수 작업발생시 인화성 액체 방출 및 불활성화 / 충분한 퍼지 및 환기 조치로 폭발 분위기 형성 억제 / 비정형(점검·청소·정비) 작업 수행 시 운전 정지 및 전원차단 실시","SIF 제조업등 연번 179 (2016년, 기인물 인화성물질) · data/processed/1_SIF_제조업등.csv",인화성액체|증발기|퍼지|불활성화,hard,"인화성 물질 화재 사례(예: 연번2469, 방수스프레이 화재)는 상황이 달라 부분관련 후보"
SL_A_4_021,④ 사고원인·재발방지,산업용로봇,worker,다이캐스팅기를 수리하는데 로봇이 갑자기 움직여서 다친 사고는 왜 나고 어떻게 막아요?,원인: 공장에서 재해자가 다이캐스팅기를 수리하던 중 로봇이 작동되어 레이들에 눌려 화상을 입고 사망하였다. 설비를 정지시키지 않거나 전원을 차단하지 않은 상태에서 정비·보수·청소·교체·조정·점검 등의 작업을 하는 중 생기는 위험으로 분류되어 있다. / 재발방지: ① 게이트 가드 등 방호장치를 설치한다. ② 인터록 장치를 설치한다.,2020년 12월 OO공장 재해자가 다이캐스팅기 수리하던 중 로봇이 작동되어 재해자가 레이들에 눌려 화상을 입어 사망 / 『설비를 정지시키지 않거나 전원을 차단하지 않은 상태에서 정비·보수·청소·교체·조정·점검 등의 작업』 중 사고 위험 / 게이트 가드등의 방호장치 설치 / 인터록 장치 설치,"SIF 제조업등 연번 959 (2020년, 기인물 산업용로봇) · data/processed/1_SIF_제조업등.csv",산업용로봇|다이캐스팅|게이트가드|인터록,medium,"산업용 로봇 사고(예: 연번1697, 컨베이어 청소 중 로봇에 맞음)는 상황이 달라 부분관련 후보. 대책 2가지"
SL_A_4_022,④ 사고원인·재발방지,기계식 주차설비,manager,주차타워 수리하려고 리프트에 타고 올라가다 갑자기 솟구쳐서 떨어진 사고는 왜 나고 어떻게 막나요?,"원인: 주차타워에서 재해자가 보수작업을 위해 리프트에 탑승해 수동 조작으로 17층으로 올라가던 중, 상부기계실 권상기의 축이 파단되면서 주차용 리프트가 급상승해 바닥으로 추락하였다. 설비의 주요 구조부분(용접부, 볼트, 체인 등)의 균열·변형·부식·마모·탈락 등으로 인한 사고 위험으로 분류되어 있다. / 재발방지: ① 권상기를 유지보수할 때는 규격 부품을 사용한다. ② 개인보호구(안전모, 안전대 등)를 지급하고 착용하게 한다. ③ 추락위험이 있는 장소에서 작업할 때는 안전난간을 설치하거나 안전대 부착설비를 설치한다.","2017년 8월경 주차타워에서 재해자가 보수작업을 위해 리프트에 탑승하여 수동 조작으로 17층으로 올라가는 도중 상부기계실의 권상기의 축이 파단되면서 주차용 리프트가 급 상승하여 재해자가 바닥으로 추락하여 사망 / 『설비의 주요 구조부분(용접부, 볼트, 체인 등)의 균열·변형·부식·마모·탈락 등』으로 인한 사고 위험 / 권상기의 유지보수 시 규격 부품 사용 / 개인보호구(안전모, 안전대 등) 지급 및 착용 / 추락위험이 있는 장소에서 작업 시 안전난간 설치하거나 안전대 부착설비 설치","SIF 제조업등 연번 1024 (2017년, 기인물 기계식 주차설비) · data/processed/1_SIF_제조업등.csv",기계식주차설비|권상기|리프트|유지보수,hard,"주차설비 관련 다른 사고(예: 연번2088, 대차에 끼임)는 상황이 달라 부분관련 후보"
SL_A_4_023,④ 사고원인·재발방지,컨베이어,worker,자력선별기 컨베이어에 올라가 이물질을 빼다가 떨어진 사고는 어떻게 막아요?,"원인: 자력선별기에서 재해자가 이물질 제거작업을 하려고 컨베이어에 올라갔다가 중심을 잃고 4m 아래로 추락하였다. 작업발판을 설치하지 않고 작업해 생기는 사고 위험으로 분류되어 있다. / 재발방지: ① 작업발판을 설치하고, 설치가 곤란한 경우에는 추락방호망을 설치한다. ② 일정한 신호방법과 해당 근로자에게 신호할 사람을 정하고, 그 신호방법에 따라 신호한다.","2019년 4월경 자력선별기에서 재해자가 이물질 제거작업을 하기 위해 컨베이어에 올라가서 중심을 잃고 4m 아래로 떨어져 사망 / 『작업발판을 설치하지 않고 작업』으로 인한 사고 위험 / 작업발판을 설치하거나 작업발판을 설치하기 곤란한 경우 추락방호망을 설치 / 일정한 신호방법과 해당 근로자에게 신호할 사람을 정하고, 신호방법에 따라 그 근로자에게 신호","SIF 제조업등 연번 1952 (2019년, 기인물 컨베이어) · data/processed/1_SIF_제조업등.csv",컨베이어|작업발판|추락방호망|신호,medium,"컨베이어 이물질 제거 사고(예: 연번28, 하부 이물질 제거 중 끼임)는 끼임 사고라 부분관련 후보. 대책 2가지"
SL_A_4_024,④ 사고원인·재발방지,지게차,manager,출하장에서 동료가 지게차로 파렛트를 옮기다 작업자를 치어 숨진 사고는 어떻게 막아요?,"원인: 출하대기장에서 동료가 탑차에 제품파렛트를 옮겨 싣기 위해 지게차를 운행하던 중 재해자를 쳐서 사망하였다. 근로자와 작업차량이 섞여 일하는 장소에서 근로자 이동과 작업차량 운행을 통제하지 않아, 근로자가 작업차량에 부딪히거나 깔리거나 구조물과 차량 사이에 끼일 위험이 있었던 것으로 분류되어 있다. / 재발방지: ① 근로자 안전통로를 확보한다. ② 운전자 시야를 가리지 않도록 화물을 높이 쌓지 않는다. ③ 작업유도자를 배치한다.",2017년 11월경 출하대기장에서 동료가 탑차에 제품파렛트를 옮겨 싣기 위해 지게차를 운행하던 중 재해자를 치어 사망 / 근로자와 작업차량 간 『혼재작업 장소에서 근로자 이동과 작업차량(하역운반기계 또는 건설기계 포함) 운행을 통제하지 않은 상태』에서 근로자(차량 포함)가 작업차량에 부딪히거나 깔림 또는 주변 구조물과 작업차량 사이에 끼임 등으로 인한 위험 / 근로자 안전통로 확보 / 운전자 시야를 가리지 않도록 화물 고단 적재 금지 / 작업유도자 배치,"SIF 제조업등 연번 972 (2017년, 기인물 지게차) · data/processed/1_SIF_제조업등.csv",지게차|혼재작업|안전통로|작업유도자,medium,"지게차-보행자 충돌 사례(예: 연번11, 출근 중 충돌)와 비슷해 관련/부분관련 여부를 사람이 판단"
SL_A_4_025,④ 사고원인·재발방지,크레인(천장주행크레인),manager,천장크레인으로 철재를 옮겨 쌓다가 쌓아 둔 더미 사이에 끼인 사고는 왜 나고 어떻게 막나요?,"원인: 철재 각관을 2줄걸이 섬유 슬링벨트로 걸어 천장크레인으로 운반해 적치 작업을 하던 중, 운반하던 각관 다발과 적치되어 있던 각관 다발 사이에 재해자가 끼였다. 화물의 형태에 적합하지 않은 줄걸이 방법이나 불량한 작업방법으로 화물의 균형이 맞지 않은 상태에서 무리하게 인양하다 생기는 위험으로 분류되어 있다. / 재발방지: ① 충분한 작업공간을 확보한 상태에서 적치 작업을 한다. ② 중량물 취급 작업계획서를 작성하고 작업지휘자를 배치한다. ③ 무선 원격제어기(무선 리모컨) 누름 버튼에 방향을 표시한다.",2023년 9월경 OO공장동에서 재해자가 철재 각관을 2줄걸이 섬유 슬링벨트로 걸어 천장크레인으로 운반하여 적치 작업 중 운반하던 각관 다발과 적치되어 있는 각관 다발 사이에 끼여 사망 / 『운반하는 화물의 형태에 적합하지 않은 줄걸이 방법 또는 불량한 작업방법』으로 화물의 균형이 맞지 않은 상태에서 무리하게 인양하다가 화물이 떨어지면서 맞거나 그 아래 깔림 위험 / 충분한 작업공간을 확보한 상태에서 적치 작업 실시 / 중량물 취급 작업계획서 작성 및 작업지휘자 배치 / 무선 원격제어기(무선 리모컨) 누름 버튼에 방향 표시,"SIF 제조업등 연번 1193 (2023년, 기인물 크레인(천장주행크레인)) · data/processed/1_SIF_제조업등.csv",천장크레인|줄걸이|적치|작업지휘자,hard,"크레인 인양 사고(예: 연번148, 스택 인양 중 로프를 잡던 재해자)는 상황이 달라 부분관련 후보"
SL_B_3_001,③ 유사 사고사례,지붕 방수작업,worker,지붕 위에서 방수작업 하다가 중심을 잃거나 미끄러져서 떨어진 사고가 어떤 게 있었나요?,"2019년 6월경, 옥상 경사 지붕에서 부직포를 설치하는 방수작업 중 몸의 중심을 잃고 지붕 단부에서 약 37m 아래로 추락하여 사망하였다. 2019년 3월경에는 교육관 경사지붕에서 방수시트를 설치하는 작업 중 지붕 용마루쪽에서 처마쪽으로 미끄러지면서 약 4.5m 아래 건물 외부 콘크리트 바닥으로 떨어져 사망한 사고가 있었고, 2020년 9월경에는 옥탑의 경사 지붕에서 방수작업 중 미끄러져 약 57m 아래 지상 화단으로 떨어져 사망하였다. 2021년 8월경에는 지붕 샌드위치 패널(판넬) 위로 올라가 방수시트를 부착하던 중 패널에서 미끄러지면서 5미터 아래 콘크리트 바닥으로 떨어져 사망하였다.",[건설업 연번1004] 2019년 06월경 ○○현장에서 피재자가 옥상 경사 지붕에서 방수작업(부직포 설치) 중 몸의 중심을 잃고 지붕 단부에서 약 37m 아래 추락하여 사망 / [건설업 연번1005] 2019년 3월경 ○○현장에서 재해자가 교육관 경사지붕에서 방수시트 설치작업 중 지붕 용마루쪽에서 처마쪽으로 미끄러지면서 건물 외부 콘크리트 바닥(H≒4.5m)으로 떨어져 사망 / [건설업 연번1018] 2020년 9월경 ○○현장에서 피재자가 옥탑에서 방수작업 중 옥탑의 경사 지붕에서 미끄러져 약 57m 아래 지상 화단으로 떨어져 사망 / [건설업 연번1034] 2021년 08월경 ○○현장에서 피재자가 지붕 샌드위치 패널 위로 올라가 방수시트를 부착하던 중 지붕 샌드위치 패널에서 미끄러지면서 5미터 아래 콘크리트 바닥으로 떨어져 사망,"SIF 건설업 연번 1004, 1005, 1018, 1034 · data/processed/1_SIF_건설업.csv",지붕|방수작업|경사지붕|미끄러|추락,medium,"내부 메모: 기인물 지붕(처마,홈통). pandas(재해개요에 지붕+방수+떨어/추락/미끄) 건설업 약 21건. 같은 방수작업이지만 단부 턱에 걸려 추락(1008), 배수로 송풍기 청소 중 추락(1020) 등은 부분관련 후보."
SL_B_3_002,③ 유사 사고사례,환기구 그레이팅 덮개,worker,환기구나 점검구 철제 그레이팅 덮개를 덮거나 열다가 같이 떨어진 사고는 어떤 게 있었나요?,"2017년 9월경, 지상 1층 환풍구에 철제 그레이팅을 덮는 작업 중 밟고 있던 그레이팅이 지지재에서 미끄러지면서 약 18.7m 아래 지하 4층 기계실 바닥으로 떨어져 사망하였다. 2021년 9월경에는 전기집진기 자재(방화문)를 반입하기 위해 환기구 상부 철재 그레이팅을 여는 중 그레이팅과 함께 약 9.5m 아래 환기구 하부로 떨어져 사망한 사고가 있었고, 2016년 4월경에는 개구부(D/A) 벽체 상부에서 몸을 굽혀 스틸그레이팅을 잡아당기다가 무게중심이 쏠려 개구부 아래로 추락하여 사망하였다. 2017년 12월경에는 수로박스 내부 준공청소를 위해 점검구 덮개(스틸 그레이팅)를 맨손으로 당기며 개방하던 중 덮개가 걸침턱이 없던 좌측방향으로 낙하하면서 덮개를 잡고 있던 작업자가 추락하여 사망하였다.","[건설업 연번1273] 2017년 9월경 ○○현장에서 피재자가 지상1층 환풍구에 철제 그레이팅을 덮는 작업을 하던 중 밟고 있던 철제그레이팅이 지지재에서 미끄러지면서 지하 4층 기계실 바닥으로 떨어져(약18.7m) 사망 / [건설업 연번1265] 2021년 9월경 ○○현장에서 피재자가 전기집진기 자재(방화문) 반입을 위하여 환기구 상부 철재 그레이팅을 여는중 그레이팅과 함께 환기구 하부로 떨어져(H≒9.5m) 사망 / [건설업 연번3233] 2016년 4월경 ○○현장에서 재해자가 개구부(D/A) 벽체 상부에서 몸을 굽혀 스틸그레이팅를 잡아당기던 중 무게중심이 쏠려 개구부 아래로 추락하여 사망 / [건설업 연번3274] 2017년 12월경 ○○현장에서 수로박스 내부 준공청소를 위해 작업자가 점검구 덮개(스틸 그레이팅)를 맨손으로 당기며 개방하던 중, 덮개가 걸침턱이 없던 좌측방향으로 낙하하며 덮개를 잡고 있던 작업자가 추락하여 사망","SIF 건설업 연번 1273, 1265, 3233, 3274 · data/processed/1_SIF_건설업.csv",환기구|점검구|그레이팅|덮개|개구부,medium,"내부 메모: 기인물 기타 개구부. pandas(재해개요에 그레이팅+환기구/점검구/환풍구/개구부) 건설업 약 7건(1618, 2887, 2945는 부분관련 후보)."
SL_B_3_003,③ 유사 사고사례,계단 하행 중 추락,worker,작업 끝내고 계단으로 내려오다가 떨어져서 사망한 사고 사례 좀 알려주세요.,"2016년 11월경, 옥상에서 작업을 마치고 계단을 내려오던 중 계단참에서 몸의 중심을 잃고 추락하여 사망하였다. 2019년 2월경에는 지상 1층 창호 주변 미장작업을 위해 2층에서 작업을 마치고 계단을 이용해 1층으로 내려가던 중 발을 헛디뎌 약 1.5m 아래 콘크리트 바닥으로 떨어져 사망한 사고가 있었고, 2017년 10월경에는 만 58세 남성 재해자가 당일 철골 조립작업을 마치고 내려오던 중 지상 3층 계단참에서 약 8m 아래 지상 콘크리트 바닥으로 추락하여 사망하였다. 2020년 1월경에는 옥상층에서 자재정리 등 청소작업을 마치고 현장 내부 계단으로 내려오다가 몸의 중심을 잃고 떨어지면서 세대 내부 구조체에 부딪혀 사망하였다. 2016년 1월경에는 건물 내부 계단실을 통해 옥상에서 1층으로 내려오던 중 몸의 중심을 잃고 계단 측면 단부에서 하부 콘크리트 바닥으로 떨어져 사망했는데, 이때 낙하 높이는 최대 약 2.4m였다.","[건설업 연번3221] 2016년 11월경 ○○현장에서 재해자가 옥상에서 작업을 마치고 계단을 내려오던 중, 계단참에서 몸의 중심을 잃고 추락하여 사망 / [건설업 연번939] 2019년 02월경 ○○현장에서 재해자가 지상1층 창호주변 미장작업을 위하여 2층에서 작업을 완료하고 1층으로 계단을 이용하여 내려가던 중 발을 헛디뎌 높이 약 1.5M 콘크리트 바닥으로 떨어져 사망 / [건설업 연번702] 2017년 10월경, ○○현장에서 재해자(남, 만58세)가 당일 철골 조립작업을 마치고 내려오던 중 지상 3층 계단참에서 약 8m 아래 지상 콘크리트 바닥으로 추락하여 사망 / [건설업 연번3356] 2020년 1월경 ○○현장에서 재해자가 옥상층에서 자재정리 등 청소작업을 마치고 현장 내부 계단으로 내려오던 중 몸의 중심을 잃고 떨어지면서 세대 내부 구조체에 부딪혀 사망 / [건설업 연번1069] 2016년 1월경 ○○현장에서 재해자가 건물 내부 계단실을 통해 옥상에서 1층으로 내려오던 중 몸의 중심을 잃고 계단 측면 단부에서 하부 콘크리트 바닥으로 떨어져(Hmax≒2.4m) 사망","SIF 건설업 연번 3221, 939, 702, 3356, 1069 · data/processed/1_SIF_건설업.csv",계단|내려오다|계단참|몸의 중심|추락,easy,내부 메모: 기인물 계단. pandas(재해개요에 계단+내려) 건설업 약 20건. 계단 올라가던 중 추락(1990 등)이나 계단 단부 작업 중 추락(914 등)은 다른 상황.
SL_B_3_004,③ 유사 사고사례,가설계단 붕괴,manager,가설계단을 철거하거나 손보다가 계단이 무너지고 발판이 빠져서 사람이 떨어진 사고가 어떤 게 있었나요?,"2016년 10월경, 가설계단 철거작업 중 계단발판이 이탈되면서 발판에 있던 근로자가 바닥으로 추락하여 사망하였다. 2020년 10월경에는 복선전철 환기구에 설치된 가설계단을 해체하기 위해 계단참에서 용단작업을 하던 중 가설계단이 붕괴되어 바닥으로 추락하여 사망한 사고가 있었고, 2019년 4월경에는 지하3층 구간에서 가설계단을 수정하고 안전난간을 연결하는 작업 중 가설계단이 무너지며 바닥으로 떨어져 부상을 입었다.",[건설업 연번2696] 2016년 10월경 ○○현장에서 가설계단 철거작업 중 계단발판이 이탈되어 발판에 있던 근로자가 바닥으로 추락하여 사망 / [건설업 연번2808] 2020년 10월경 ○○현장에서 복선전철 환기구에 설치된 가설계단 해체를 위해 계단참에서 용단작업을 하던 중 가설계단이 붕괴되어 바닥으로 추락하여 사망 / [건설업 연번3051] 2019년 4월경 ○○현장에서 지하3층 구간의 가설계단 수정 및 안전난간 연결 작업 중 가설계단이 무너지며 바닥으로 떨어져 부상,"SIF 건설업 연번 2696, 2808, 3051 · data/processed/1_SIF_건설업.csv",가설계단|철거|붕괴|발판 이탈|추락,medium,"내부 메모: 기인물 작업발판/가설계단(2808,3051), 계단(2696). pandas(재해개요에 가설계단) 건설업 약 8건. 86(발판 일부 해체된 가설계단에서 추락), 3374(가설계단 난간 이동전선 정리 중 실족)는 붕괴/이탈이 아니라 부분관련 후보."
SL_B_3_005,③ 유사 사고사례,말비계 도배작업,worker,말비계 위에 올라가서 도배하다가 떨어진 사고는 어떤 경우들이 있었나요?,"2017년 4월경, 작업발판(말비계) 위에서 벽체 도배작업을 하던 중 중심을 잃고 바닥으로 떨어져 사망하였다. 2021년 3월경에는 거실 천장 도배작업을 위해 높이 0.6m의 말비계 위로 올라가 작업하던 중 중심을 잃고 뒤로 떨어져 뒷편 벽체에 머리를 부딪혀 사망한 사고가 있었고, 2022년 3월경에는 건물 실내(드레스룸)에서 도배작업을 하던 중 높이 약 90㎝의 말비계에서 떨어져 사망하였다.",[건설업 연번1378] 2017년 04월경 ○○현장에서 재해자가 작업발판(말비계) 위에서 벽체 도배작업 중 중심을 잃고 바닥으로 떨어져 사망 / [건설업 연번1398] 2021년 03월경 ○○현장에서 재해자가 거실 천장 도배작업을 위해 말비계(H=0.6m) 위로 올라가 작업 중 중심을 잃고 뒤로 떨어져 뒷편 벽체에 머리를 부딪혀 사망 / [건설업 연번1404] 2022년 3월경 ○○현장에서 재해자가 건물 실내(드레스룸)에서 도배작업을 하던 중 말비계(높이 약 90㎝)에서 떨어져 사망,"SIF 건설업 연번 1378, 1398, 1404 · data/processed/1_SIF_건설업.csv",말비계|도배|떨어져|중심을 잃고|사망,easy,내부 메모: 기인물 말비계. pandas(재해개요에 말비계+도배) 건설업 3건뿐.
SL_B_3_006,③ 유사 사고사례,노후 전주 승주 중 전도,worker,전신주나 통신전주에 올라가서 작업하다가 전주가 통째로 넘어가서 사고 난 경우는 어떤 게 있었나요?,"2016년 7월경, 통신전주에 올라가 통신케이블을 확인하는 작업 중 전주가 지지력을 잃고 넘어지면서 작업자가 전주와 함께 바닥으로 전도되어 사망하였다. 2016년 1월경에는 전신주 위에 올라가 전선을 철거하던 중 전신주 하단부가 파단 및 전도되면서 8m 아래 지면으로 떨어져 사망한 사고가 있었고, 2017년 7월경에는 선로 배전설비(22.9KV) 이설작업을 위해 H형 전주에 올라가 L형 완금을 해체하는 순간 노후된 전주 하부가 파단되면서 길이 10.55m의 전주와 함께 지상 바닥으로 넘어져 사망하였다. 2017년 1월경에는 통신 전주에 약 4.5m 높이까지 올라가 양방향 통신선의 장력으로 지탱되던 전주의 한쪽 통신선을 절단하자 장력이 한쪽으로만 작용하여 전도 모멘트가 발생했고, 노후화된 전주의 밑둥 부분이 파단되면서 지지력을 상실해 작업자와 함께 넘어져 사망하였다. 2021년 11월경에는 전신주를 철거하기 위해 상단까지 오르자 콘크리트 전신주 하부가 파단되어 작업자가 추락하고 넘어지는 전신주에 깔려 사망하였다.",[건설업 연번1729] 2016년 07월경 ○○현장에서 피재자가 통신전주에 올라가 통신케이블 확인작업 중 전주가 지지력을 잃고 넘어지면서 통신전주와 함께 바닥으로 전도되어 사망 / [건설업 연번1734] 2016년 01월경 ○○현장에서 피재자가 전신주 위에 올라가 전선을 철거하던 중 전신주 하단부가 파단 및 전도되면서 8m아래 지면으로 떨어져 사망 / [건설업 연번1912] 2017년 07월경 ○○현장에서 피재자가 선로 배전설비(22.9KV) 이설작업을 위해 H형 전주에 승주하여 L형 완금을 해체하는 순간 노후된 전주 하부가 파단되면서 전주(L=10.55m)와 함께 지상 바닥으로 넘어져 사망 / [건설업 연번1918] 2017년 01월경 ○○현장에서 재해자가 통신 전주에 올라가(h≒4.5m) 양방향 통신선의 장력에 의해 지탱 되고 있던 전주의 한쪽 통신선을 절단하자 장력이 한쪽으로만 작용하여 전주의 전도 모멘트가 발생하자 노후화된 전주의 밑둥 부분이 파단 되면서 지지력을 상실하고 재해자와 함께 넘어져 사망 / [건설업 연번2856] 2021년 11월경 ○○현장에서 전신주를 철거하기 위해 재해자가 전신주 상단까지 오르자 콘크리트 전신주 하부가 파단되어 재해자의 추락 및 넘어지는 전신주에 깔려 사망,"SIF 건설업 연번 1729, 1734, 1912, 1918, 2856 · data/processed/1_SIF_건설업.csv",전주|전신주|노후|파단|전도,medium,"내부 메모: 건설업 전주·철탑 중 승주 작업 중 전주 하부 파단·전도 유형은 약 5건(연번 1729,1734,1912,1918,2856). 연번 2585(굴착 중 인근 전주 전도, 승주 아님)는 부분관련 후보."
SL_B_3_007,③ 유사 사고사례,타워크레인 텔레스코픽 케이지 낙하,worker,타워크레인 올리거나 내릴 때 텔레스코픽 케이지가 떨어져서 작업자가 추락한 사고가 어떤 게 있었어요?,"2016년 4월경, 타워크레인 해체 선행작업인 텔레스코픽 케이지 하강작업 중 클라이밍 슈(Climbing Shoe)가 마스트 훅에서 이탈되며 케이지가 낙하했고, 케이지 작업발판에서 작업 중이던 작업자가 추락하여 사망하였다. 2017년 12월경에는 타워크레인 상승 작업 중 텔레스코픽 케이지가 3m 아래로 내려앉은 충격으로 작업발판 및 안전난간이 파손되면서 작업발판에 있던 작업자 1명이 70m 아래로 떨어져 사망하고 나머지 작업자 4명이 부상을 입은 사고가 있었고, 2022년 7월경에는 타워크레인 설치 작업 중 텔레스코픽 케이지와 클라이밍 래더의 체결부위를 임의철물로 임시 고정한 상태에서 임의철물이 이탈하여 케이지가 마스트 하부로 낙하했고, 케이지 작업대에서 작업 중이던 근로자가 추락하여 1명이 사망하고 2명이 부상을 입었다. 2023년 4월경에는 텔레스코픽 케이지를 마스트 하부로 내리던 중 러그에 슈가 제대로 안착되지 않은 상태에서 연결핀을 해체하고 스토퍼를 철선으로 고정하여 케이지가 낙하하면서 근로자 2명이 추락하여 사망하였다. 2023년 12월경에는 러핑 타워크레인 마스트 설치완료 후 텔레스코픽 케이지를 하강하기 위해 턴테이블과 케이지의 연결 핀을 분리한 직후 케이지가 낙하하면서 작업자가 추락하여 사망하였다.","[건설업 연번3098] 2016년 4월경 ○○현장에서 타워크레인의 텔레스코픽 케이지 하강작업(타워크레인 해체 선행작업) 중 클라이밍 슈(Climbing Shoe)가 마스트 훅에서 이탈되며 케이지가 낙하, 케이지 작업발판에서 작업 중이던 작업자가 추락하여 사망 / [건설업 연번3107] 2017년 12월경 ○○현장에서 타워크레인 상승 작업 중 텔레스코픽 케이지가 3m 아래로 내려앉아 그 충격으로 텔레스코픽 케이지 작업발판 및 안전난간이 파손되며 작업발판에 있던 작업자 1명이 70m 아래로 떨어져 사망, 나머지 작업자 4명 부상 / [건설업 연번3121] 2022년 7월경 ○○현장에서 타워크레인 설치 작업 중, 텔레스코픽 케이지와 클라이밍 래더를 체결부위에 임의철물로 임시 고정한 상태에서 임의철물 이탈로 텔레스코픽 케이지가 마스트 하부로 낙하하면서 케이지 작업대에서 작업 중이던 근로자가 추락하여 1명 사망 및 2명 부상 / [건설업 연번3123] 2023년 4월경 ○○현장에서 타워크레인의 텔레스코픽 케이지를 마스트 하부로 내리던 중, 러그에 슈가 제대로 안착되지 않은 상태에서 연결핀 해체 및 스토퍼를 철선으로 고정하여 케이지가 낙하하며 근로자 2명이 추락하여 사망 / [건설업 연번3124] 2023년 12월경 ○○현장에서 러핑 타워크레인 마스트 설치완료 후 텔레스코픽 케이지를 하강하기 위해 턴테이블과 텔레스코픽 케이지 연결 핀을 분리한 직후 텔레스코픽 케이지가 낙하하며 작업자 추락하여 사망","SIF 건설업 연번 3098, 3107, 3121, 3123, 3124 · data/processed/1_SIF_건설업.csv",타워크레인|텔레스코픽 케이지|클라이밍 슈|낙하|추락,hard,"내부 메모: 건설업 타워크레인 중 텔레스코픽 케이지 낙하·추락 유형은 약 6건. 연번 3119(마스트가 서비스트롤리에서 이탈해 하부 작업자가 맞음, 케이지 낙하 아님)는 부분관련 후보."
SL_B_3_008,③ 유사 사고사례,펌프카 붐 파단,worker,콘크리트 펌프카로 타설하다가 붐이 부러져서 사람이 맞은 사고는 어떤 게 있었나요?,"2017년 11월경, 옹벽 벽체 콘크리트 타설 중 콘크리트 펌프카 붐대가 파단되면서 작업자를 타격하여 1명이 사망하고 1명이 부상을 입었다. 2021년 11월경에는 건물 진입로 바닥 콘크리트 타설 중 펌프카의 Boom(2단)이 파단되며 앤드호스(자바라)를 잡고 있던 재해자 방향으로 Boom(5단)이 낙하하여 재해자를 타격해 사망한 사고가 있었고, 2022년 5월경에는 주차장 슬라브 바닥에 콘크리트를 타설하던 중 펌프카 2단 붐(Boom)의 중간부가 꺾이면서 붐 하부에서 작업 중이던 재해자가 5단 붐에 맞아 사망하였다. 2022년 8월경에는 지하주차장 바닥 콘크리트 타설 중 펌프카 붐대가 파단되어 낙하하면서 붐대 아래에서 작업 중이던 타설공 2명이 붐대에 맞아 사망하였다. 2023년 8월경에는 피재자와 타설공이 펌프카로 바닥콘크리트 타설 작업을 하던 중 펌프카 2단 붐(Boom)이 파단되면서 떨어진 붐에 깔려 1명이 사망하고 1명이 부상을 입었다.","[건설업 연번2476] 2017년 11월경 ○○현장에서 옹벽 벽체 콘크리트 타설 중 콘크리트 펌프카 붐대가 파단되면서 타격하여 1명 사망하고, 1명 부상 / [건설업 연번594] 2021년 11월경 ○○현장에서 피재자가 건물 진입로 바닥 콘크리트 타설 중 콘크리트 펌프카의 Boom(2단)이 파단되며 콘크리트 펌프카 앤드호스(자바라)를 잡고 있던 재해자 방향으로 Boom(5단)이 낙하하며 재해자를 타격하여 사망 / [건설업 연번602] 2022년 05월경 ○○현장에서 주차장 슬라브 바닥에 콘크리트 타설 작업 중 타설 중이던 콘크리트 펌프카 2단 붐(Boom)의 중간부가 꺽이면서 붐 하부에서 작업 중이던 재해자가 5단 붐에 맞아 사망 / [건설업 연번605] 2022년 8월경 ○○현장에서 지하주차장 바닥 콘크리트 타설 중 콘크리트 펌프카 붐대가 파단되어 낙하하여 붐대 아래에서 작업 중이던 타설공 2명이 붐대에 맞아 사망 / [건설업 연번618] 2023년 8월경 ○○현장에서 피재자와 타설공이 콘크리트 펌프카를 이용해 바닥콘크리트 타설 작업을 하던 중 펌프카 2단 붐(Boom)이 파단되면서 떨어진 붐에 깔려 1명 사망하고 1명 부상","SIF 건설업 연번 2476, 594, 602, 605, 618 · data/processed/1_SIF_건설업.csv",콘크리트 펌프카|붐|파단|타설|맞음,easy,"내부 메모: 건설업 펌프카 중 붐 파단·낙하 유형은 약 5건. 연번 531(붐을 접는 중 유압실린더 로드 파단), 587(1단·2단 붐 연결부 파단, 호스에 타격)은 부분관련 후보라 제외."
SL_B_3_009,③ 유사 사고사례,흙막이 띠장·버팀대 위 이동 중 추락,worker,흙막이 가시설 띠장이나 버팀대 위에서 작업하거나 이동하다가 굴착 바닥으로 떨어진 사고는 어떤 게 있었나요?,"2016년 9월경, 흙막이가시설 띠장(우측 후면 우각부, 2단)에서 코너 버팀보(4번) 설치를 위한 간격측정(3-4번)을 하려고 상체를 숙이다가 굴착저면(약 7m)으로 떨어져 사망하였다. 2017년 2월경에는 협력업체 현장소장과 함께 시공할 건물위치를 확인하기 위한 규준틀 설치작업을 하던 중 흙막이지보공 1단 코너 띠장 상부에서 다림추를 내리는 작업을 마치고 흙막이지보공을 통해 약10m 아래 굴착저면 바닥으로 이동하다가 떨어져 사망한 사고가 있었고, 2020년 5월경에는 흙막이지보공(코너스트럿 6단) 위를 이동하던 중 실족하여 높이 약 8m 아래 굴착 저면으로 추락하여 사망하였다. 2020년 12월경에는 코너 스트러트 2단 설치를 위해 H-Beam 상부에서 이동하던 중 몸의 중심을 잃고 약 2.9m 아래 굴착 저면으로 추락하여 사망하였다. 2021년 5월경에는 흙막이지보공 스트러트 4단 상부에서 지하 양수기 배출호스를 고정하는 작업을 하던 중 배출 시 호스의 요동 등으로 몸의 중심을 잃어 높이 약 6.0m 아래 지하3층 콘크리트 바닥으로 추락하여 사망하였다.","[건설업 연번52] 2016년 09월경 ○○현장의 흙막이가시설 띠장(우측 후면 우각부, 2단)에서 피재자가 코너 버팀보(4번) 설치를 위한 간격측정(3-4번)을 하려고 상체를 숙이는 중 굴착저면(약 7m)으로 떨어져 사망 / [건설업 연번58] 2017년 02월경 ○○ 현장에서 피재자가 협력업체 현장소장과 함께 시공할 건물위치를 확인하기 위한 규준틀 설치작업을 위해 흙막이지보공 1단 코너 띠장 상부에서 다림추 내림작업을 하고 흙막이지보공을 통해 약10m 아래 굴착저면 바닥으로 이동 중 떨어져 사망 / [건설업 연번67] 2020년 05월경 ○○현장에서 피재자가 흙막이지보공(코너스트럿 6단) 위를 이동하던 중 실족하여 높이 약 8m아래 굴착 저면으로 추락하여 사망 / [건설업 연번65] 2020년 12월경 ○○현장에서 재해자가 코너 스트러트 2단 설치를 위해 H-Beam 상부에서 이동 중 몸의 중심을 잃고 굴착 저면으로 추락(H≒2.9m)하여 사망 / [건설업 연번68] 2021년 05월경 ○○현장에서 재해자가 흙막이지보공 스트러트 4단 상부에서 지하 양수기 배출호스 고정 작업을 하던 중 배출시 호스의 요동 등으로 인해 몸의 중심을 잃어 높이 약 6.0m 아래 지하3층 콘크리트 바닥으로 추락하여 사망","SIF 건설업 연번 52, 58, 67, 65, 68 · data/processed/1_SIF_건설업.csv",흙막이|띠장|버팀대|스트러트|굴착저면 추락,medium,"내부 메모: 건설업 흙막이가시설 중 띠장·버팀대·스트러트 위 이동/작업 중 굴착저면 추락 유형은 약 8건 이상(예: 연번 567, 2406, 3158, 76, 62 등 유사). 해체 중 버팀보 낙하·튕김 등(연번 85, 94, 107)은 다른 유형."
SL_B_3_010,③ 유사 사고사례,엘리베이터 피트 안전난간 추락,manager,엘리베이터 피트 쪽 안전난간이 떨어지거나 없어서 피트로 추락한 사고는 어떤 게 있었어요?,"2016년 6월경, E/V PIT 내부로 인상된 전선케이블을 분전함에 연결하는 작업 중 개구부 난간틀이 빠지며 작업자가 추락하여 사망하였다. 2016년 11월경에는 안전난간이 미설치된 E/V PIT 단부에서 달기로프로 폐기물이 담긴 마대를 내리던 중 몸의 중심을 잃고 엘리베이터 피트로 추락하여 사망한 사고가 있었고, 2021년 3월경에는 화물용 엘리베이터 수직이동 작업대(임시카)에 탑승하기 위해 5층 엘리베이터 개구부 안전난간을 밟고 피트 내부로 진입하던 중 상부 안전난간이 빠지면서 약 26m 아래 엘리베이터 피트 바닥으로 떨어져 사망하였다. 2021년 8월경에는 엘리베이터 피트 앞에서 재해자 2명이 안전난간을 밟고 엘리베이터 출입문 측 내부 패널(판넬)을 설치하던 중 안전난간이 하부로 떨어져 내려 작업자들이 중심을 잃고 8m 아래 엘리베이터 피트 바닥으로 추락해 1명이 사망하고 1명이 부상을 입었다. 2023년 6월경에는 조명이 설치되지 않은 PIT층을 이동하던 중 안전난간이 해체된 엘리베이터 피트로 추락하여 사망하였다.","[건설업 연번3073] 2016년 6월경 ○○현장에서 E/V PIT 내부로 인상된 전선케이블을 분전함에 연결하는 작업 중 개구부 난간틀이 탈락되며 작업자가 추락하여 사망 / [건설업 연번3217] 2016년 11월경 ○○현장에서 재해자가 안전난간이 미설치 된 E/V PIT 단부에서 달기로프로 폐기물이 담긴 마대를 내리던 중, 몸의 중심을 잃고 엘리베이터 피트로 추락하여 사망 / [건설업 연번2234] 2021년 03월경 ○○현장에서 재해자가 화물용 엘리베이터 수직이동 작업대(임시카)에 탑승하기 위해 5층 엘리베이터 개구부 안전난간을 밟고 피트내부로 진입중 상부 안전난간이 탈락되면서 엘리베이터 피트 바닥으로 떨어져(H≒26m) 사망 / [건설업 연번1635] 2021년 08월경 엘리베이터 피트 앞에서 재해자 2명이 안전난간을 밟고 엘리베이터 출입문 측 내부 판넬을 설치하던 중 안전난간이 하부로 떨어져 내려 작업자들이 중심을 잃고 8m 아래 엘리베이터 피트 바닥으로 추락해 1명이 사망하고 1명이 부상 / [건설업 연번3445] 2023년 6월경 ○○현장에서 재해자가 조명이 설치되지 않은 PIT층 이동 중 안전난간이 해체된 엘리베이터 피트로 추락하여 사망","SIF 건설업 연번 3073, 3217, 2234, 1635, 3445 · data/processed/1_SIF_건설업.csv",엘리베이터 피트|E/V PIT|안전난간|개구부|추락,medium,"내부 메모: 건설업 엘리베이터피트 중 안전난간 탈락·해체·미설치로 인한 피트 추락 유형은 약 5건. 철근 절단 중 합판 발판 전도로 추락한 연번 2694, 2221은 부분관련 후보라 제외."
SL_B_3_011,③ 유사 사고사례,호우 시 관로·복개구조물 내부작업,worker,"비가 많이 올 때 복개하천이나 배수터널, 관로 안에 들어가 작업하다가 물이 갑자기 차올라 사고 난 경우가 어떤 게 있었나요?","2019년 7월경, 배수터널 내부에서 가설전선 정리 작업을 하던 중 기습적인 폭우로 배수 터널과 연결된 기존 우수박스의 수문이 자동 개방되면서 우수가 터널 내부로 유입되었고, 비상상황을 전파하고 대피를 유도하기 위해 터널 내부로 들어간 작업자를 포함해 3명이 수몰되어 사망하였다. 2016년 6월경에는 복개구조물 내부에서 보수작업을 하던 중 집중호우로 우수가 빠르게 유입되면서 미처 피하지 못하고 익사한 사고가 있었고, 2017년 7월경에는 4명이 복개하천 내부에서 벽체 균열 보수작업을 하던 중 국지성호우로 빠르게 늘어난 하천 급류에 휩쓸려 3명이 사망하고 1명이 부상을 입었다. 2021년 6월경에는 기존 노후 상수도관(￠500mm) 내부로 들어가 세관갱생작업을 하던 중 갑작스러운 집중호우로 관로 안으로 물이 차오르자 뒤늦게 나오던 재해자가 빠져나오지 못하고 사망하였다.","[건설업 연번2418] 2019년 7월경 ○○현장에서 배수터널 내부에서 가설전선 정리 작업을 진행하던 중 기습적인 폭우로 배수 터널과 연결된 기존 우수박스의 수문이 자동 개방되면서 우수가 배수 터널 내부로 유입되어, 비상상황 전파 및 대피유도를 위해 터널 내부로 들어간 작업자 포함 총 3명이 수몰되어 사망 / [건설업 연번2432] 2016년 6월경 ○○현장에서 피재자가 복개구조물 내부에서 보수작업을 하던 중, 집중호우로 복개구조물 내부에 우수가 빠르게 유입되면서 피재자가 미처 피하지 못하고 익사 / [건설업 연번2436] 2017년 07월경 ○○현장에서 피재자 4명이 복개하천 내부에서 벽체 균열 보수작업을 하던 중 국지성호우로 빠르게 늘어난 하천 급류에 휩쓸려 3명 사망, 1명 부상 / [건설업 연번2662] 2021년 06월경 ○○현장에서 기존 노후 상수도관(￠500mm) 내부로 들어가서 세관갱생작업 중 갑작스러운 집중호우로 인해 관로 안으로 물이 차오르자 뒤늦게 나오던 재해자가 빠져나오지 못하고 사망","SIF 건설업 연번 2418, 2432, 2436, 2662 · data/processed/1_SIF_건설업.csv",집중호우|우수 유입|복개구조물|터널 내부|관로|익사,medium,"내부 메모: 기인물 물(2418,2432,2436), 배관(2662). pandas(재해개요에 호우/폭우/급류 + 내부/터널/복개/관로) 건설업 약 5건(연번14는 물웅덩이 익사로 상황 다름). 같은 우천 물웅덩이 빠짐(14,3346,2533)은 부분관련 후보."
SL_B_3_012,③ 유사 사고사례,황산 잔류 배관·밸브 정비,manager,황산이 남아 있는 배관이나 밸브를 정비하다가 황산이 튀거나 새서 화상 입은 사고는 어떤 게 있었나요?,"2020년 3월경, 화학제품 제조공정에서 황산이 잔류한 배관에 질소를 주입하여 작업하던 중 황산이 주위로 비산하여 화상을 입었다. 2020년 4월경에는 화학제품 제조공정에서 황산이 잔류한 배관 플랜지를 해체하는 작업 중 황산이 누출되어 다수의 근로자가 화상을 입은 사고가 있었고, 2022년 4월경에는 1공장에서 황산탱크 입하 펌프의 흡입·토출측 밸브 및 단관을 교체하기 위해 밸브를 조작하는 과정에서 흡입측 밸브의 플랜지 부위로 황산(98%)이 비산되어 작업하던 재해자 2명이 화상을 입었다. 2020년 7월에는 질소 가스를 이용한 누설시험을 실시하는 과정에서 배관에 잔류한 98% 황산이 누출되어 협력업체 작업자가 화상을 입었다.",[제조업등 연번9] 2020년 3월경 OO사업장 화학제품 제조공정에서 재해자가 황산이 잔류한 배관에 질소를 주입하여 작업 중 황산이 주위로 비산하여 화상을 입음 / [제조업등 연번196] 2020년 4월경 OO사업장 화학제품 제조공정에서 재해자가 황산이 잔류한 배관 플랜지 해체작업 중 황산이 누출되어 다수의 근로자가 화상을 입음 / [제조업등 연번676] 2022년 4월경 OO공정 1공장에서 황산탱크 입하 펌프의 흡입·토출측 밸브 및 단관을 교체하기 위해 밸브를 조작하는 과정에서 흡입측 밸브의 플랜지 부위로 황산(98%)이 비산되어 작업을 하던 재해자 2명이 화상을 입음 / [제조업등 연번1523] 2020년 7월 OO공장에서 질소 가스를 이용한 누설시험을 실시하는 과정에서 배관에 잔류한 98% 황산이 누출되어 협력업체 작업자가 화상을 입은 사고임.,"SIF 제조업등 연번 9, 196, 676, 1523 · data/processed/1_SIF_제조업등.csv",황산|잔류|배관|플랜지|밸브|화상,medium,내부 메모: 기인물 화학물질(황산). pandas(제조업등 재해개요에 황산 + 배관/밸브/플랜지) 약 7건. 연번221(벨로우즈 배관 파열)·336(드레인 점검구로 누출)·1549는 정비 중 잔류 황산 비산과 다소 달라 부분관련 후보.
SL_B_3_013,③ 유사 사고사례,채석장 낙석·붕괴,worker,채석장에서 일하다가 위에서 돌이 굴러오거나 암반이 무너져서 사고 난 경우는 어떤 게 있었나요?,"2022년 4월경, 석산에서 암석 발파를 위한 장약구간 천공작업을 마친 재해자가 천공 구멍의 시공상태를 파악하기 위해 천공기에서 하차하여 발파구간을 살펴보던 중 석산의 경사면에서 떨어진 낙석에 두부를 맞고 쓰러져 사망하였다. 2016년 3월경에는 채석장의 암반이 무너지면서 천공기로 발파작업을 준비하던 재해자가 깔려 사망한 사고가 있었고, 2022년 5월경에는 화강암 채석을 위해 발파한 뒤 굴삭기로 원석을 분리하는 작업 중 옆 원석에서 굴삭기 신호 작업을 하던 재해자가 서 있던 약 7m 높이 원석의 일부가 붕괴되면서 지상으로 떨어져 사망하였다. 2020년 1월경에는 채석장에서 가설펜스를 정리하던 중 채석장 상부에서 굴러온 낙석에 맞아 사망하였다.","[제조업등 연번2537] 2022년 4월경 OO채석장 골재 생산용 원석채취를 위한 석산에서, 암석 발파를 위한 장약구간 천공작업을 수행하던 재해자가 천공을 모두 마치고 천공 구멍의 시공상태 파악을 위해 천공기에서 하차한 후 발파구간을 살펴보던 중, 석산의 경사면에서 떨어진 낙석에 두부를 맞고 쓰러져 사망 / [제조업등 연번2557] 2016년 3월경 OO사업장 채석장의 암반이 무너지면서 천공기로 발파작업을 준비하던 재해자가 깔려 사망 / [제조업등 연번1183] 2022년 5월경 채석장에서 화강암 채석을 위해 발파 후 굴삭기를 이용하여 원석을 분리하는 작업 중 채석 중인 원석 옆 원석에서 굴삭기 신호 작업을 하던 재해자가 서있던 위치(H≒7m)의 원석의 일부가 붕괴되면서 지상으로 떨어져 사망 / [제조업등 연번2562] 2020년 1월경 OO사업장 채석장에서 재해자가 가설펜스를 정리하던 중 채석장 상부에서 굴러온 낙석에 맞아 사망","SIF 제조업등 연번 2537, 2557, 1183, 2562 · data/processed/1_SIF_제조업등.csv",채석장|낙석|암반|발파|원석,easy,"내부 메모: 기인물 암석(제조업등). pandas(채석장/석산 + 낙석/붕괴/굴러/떨어) 제조업등 약 12건. 연번2556(와이어쏘우 절단 화강석 절리), 1435(발파 대피 중)·2558(발파장소 인근) 등은 부분관련 후보."
SL_B_3_014,③ 유사 사고사례,캐노피 위 작업 중 추락,worker,건물 출입구 위 캐노피에 올라가서 작업하다가 떨어진 사고는 어떤 게 있었나요?,"2020년 4월경, 건물 주출입구 상부 캐노피(트러스형 덮개 철재구조물) 주변에서 벽면 돌붙임 작업을 하던 중 캐노피 철재구조물 상단 또는 강관비계에서 몸의 중심을 잃고 약 4.5m 아래 지상 콘크리트 바닥으로 추락하여 사망하였다. 2020년 8월경에는 보행캐노피 상부에서 유리를 설치하던 중 구조물에서 발을 헛디뎌 약 4.6m 아래로 추락하여 사망하였고, 2022년 8월경에는 건물 3층 창가 외측 캐노피 위에서 비가림천막(10x10m)을 고정하는 작업 중 6.9m 아래 콘크리트 바닥으로 떨어져 사망하였다. 2018년 10월경에는 보양비닐을 설치하던 중 출입구 상부 캐노피(격자형 루바)를 딛는 순간 캐노피가 무너지면서 약 2.5m 아래 바닥으로 떨어져 사망한 사고가 있었다.","[건설업 연번1085] 2020년 4월경 ○○현장에서 피재자가 건물 주출입구 상부 캐노피(트러스형 덮개 철재구조물) 구조물 주변에서 벽면 돌붙임 작업을 하던 중, 캐노피 철재구조물 상단 또는 강관비계에서 몸의 중심을 잃고 약 4.5m 아래 지상 콘크리트 바닥으로 추락하여 사망 / [건설업 연번1334] 2020년 08월경 ○○현장에서 피재자가 보행캐노피 상부에서 유리를 설치하던 중 보행캐노피 구조물에서 발을 헛디뎌 약 4.6m 아래로 추락하여 사망 / [건설업 연번1353] 2022년 08월경 ○○현장에서 재해자가 건물 3층 창가외측 캐노피 위에서 비가림천막(10x10m) 고정 작업 중 6.9m 아래 콘크리트 바닥으로 떨어져 사망 / [건설업 연번996] 2018년 10월경 ○○현장에서 재해자가 보양비닐 설치 작업을 하던 중 출입구 상부 캐노피(격자형 루바)를 딛는 순간 무너지면서 바닥으로 떨어져(H≒2.5m) 사망","SIF 건설업 연번 1085, 1334, 1353, 996 · data/processed/1_SIF_건설업.csv",캐노피|출입구 상부|추락|떨어|작업,medium,내부 메모: 기인물 기타 구조물. pandas(기타 구조물 + 캐노피 + 떨어/추락) 건설업 약 6~8건(재해개요에 캐노피+떨어 포함하는 건 41건이나 다른 기인물·상황 다수). 연번2726(캐노피 슬래브 해체 중 붕괴)·943(캐노피 붕괴에 끼임)은 부분관련 후보.
SL_B_3_015,③ 유사 사고사례,조적벽체 철거 중 전도,worker,조적 벽체를 철거하거나 해체하다가 벽이 넘어져서 깔린 사고가 어떤 게 있었나요?,"2016년 3월경, 내부 인테리어를 위해 조적 벽체를 철거하던 중 벽체가 전도되어 작업자가 깔려 사망하였다. 2016년 8월경에는 벽체철거 작업 중 조적벽체가 전도되면서 재해자가 벽체에 깔려 사망하였고, 2016년 5월경에는 조적벽체를 약 1m 높이로 해체하기 위해 벽체 하부를 핸드브레이커로 파쇄하던 중 조적벽체가 균형을 잃고 앞쪽으로 넘어지면서 재해자가 깔렸다. 2017년 11월경에는 건물 내부 조적벽체 철거작업 중 전도되는 벽체에 작업자가 깔려 1명이 사망하고 1명이 부상을 입었다. 2018년 4월경에는 철거 작업 중 조적벽체가 전도되어 벽체 하부에서 정리 작업을 하던 재해자가 깔려 1명이 사망하고 1명이 부상을 입은 사고가 있었다.","[건설업 연번2693] 2016년 3월경 ○○현장에서 내부 인테리어를 위해 조적 벽체 철거 작업 중 벽체가 전도되어 전도된 벽체에 작업자가 깔려 사망 / [건설업 연번2713] 2016년 8월경 ○○현장에서 벽체철거 작업 중 조적벽체가 전도되며 재해자가 벽체에 깔려 사망 / [건설업 연번2720] 2016년 5월경 ○○현장에서 조적벽체를 약1m 높이로 해체하기 위해 벽체 하부를 핸드브레이커로 파쇄하던 중 조적벽체가 균형을 잃고 앞쪽으로 넘어지면서 깔림 / [건설업 연번2739] 2017년 11월경 ○○현장에서 건물 내부 조적벽체 철거작업 중 전도되는 조적벽체에 작업자가 깔려 1명 사망, 1명 부상 / [건설업 연번2749] 2018년 4월경 ○○현장에서 철거 작업 중 조적벽체가 전도되어 벽체 하부에서 정리 작업 중이던 재해자가 깔려 1명 사망 및 1명 부상","SIF 건설업 연번 2693, 2713, 2720, 2739, 2749 · data/processed/1_SIF_건설업.csv",조적벽체|철거|해체|전도|깔림,medium,"내부 메모: 기인물 벽체. pandas(재해개요에 조적벽 + 전도/넘어/깔) 건설업 약 15건. 연번2724·2732(핸드브레이커로 벽체 해체 중 일부 넘어짐/상부 조적더미 낙하)·2735·2770 등은 같은 유형 추가 후보, 굴착부 옆 담장 붕괴(2541 등)는 다른 상황."
SL_B_3_016,③ 유사 사고사례,로더 후진 충돌,worker,공장이나 야적장에서 로더(페이로더)가 후진하다가 걸어가던 사람이 치인 사고는 어떤 게 있었나요?,"2019년 4월, 공장에서 재해자가 생산현장으로 이동하던 중 파유리 보관장으로 후진해 이동하던 로더의 좌측 뒷바퀴에 깔려 사망하였다. 2017년 5월경에는 사업장에서 재해자가 현장확인을 위해 이동하다가 후진하던 로더의 좌측 앞바퀴에 부딪혀 사망하였고, 2019년 12월에는 골재 저장소에서 재해자가 도보로 순찰하던 중 골재 정리를 위해 후진하던 로더의 바퀴에 깔려 사망하였다. 2017년 2월경에는 폐기물선별장에서 선별작업을 하던 재해자가 후진하는 로더 뒷바퀴에 깔려 사망한 사고가 있었다.",[제조업등 연번1205] 2019년 4월 OO공장 재해자가 생산현장으로 이동하던 중 파유리 보관장으로 후진하여 이동하던 로더 좌측 뒷바퀴에 깔려 사망 / [제조업등 연번1399] 2017년 5월경 사업장에서 재해자가 현장확인을 위해 이동 중 후진하던 로더의 좌측 앞바퀴에 부딪혀 사망 / [제조업등 연번1400] 2019년 12월 OO 골재 저장소에서 재해자가 도보 순찰 중 골재 정리를 위해 후진하던 로더의 바퀴에 깔려서 사망. / [제조업등 연번2007] 2017년 2월경 OO사업장 폐기물선별장에서 선별작업을 하던 재해자가 후진하는 로더 뒷바퀴에 깔려 사망,"SIF 제조업등 연번 1205, 1399, 1400, 2007 · data/processed/1_SIF_제조업등.csv",로더|후진|뒷바퀴|깔림|보행,easy,"내부 메모: 기인물 건설기계(로더). pandas(기인물 로더+개요에 후진) 제조업등 약 14건. 로더 작업 중 추락(447,1401)이나 버킷 하강 끼임(2263)은 다른 유형이라 제외."
SL_B_3_017,③ 유사 사고사례,압착진개차 파카 끼임,manager,쓰레기 압착진개차 뒤쪽 파카(압착장치)와 적재함 사이에 끼여 돌아가신 사고가 어떤 경우들이 있었나요?,"2023년 9월경, 공장에서 재해자가 압착진개차량(5.6톤)으로 수집·운반한 폐기물을 배출하고 적재함 내부를 확인하던 중 적재함 후면부의 압착장치(파카)가 불시에 하강하면서 파카와 적재함 사이에 상체가 끼여 사망하였다. 2016년 4월경에는 소각장에서 재해자가 작업차량인 압착식진개차의 적재함 문(파카)과 적재함 사이에 끼어 사망하였고, 2017년 11월경에는 매립장에서 재해자가 쓰레기 수거차량의 잔여물을 제거하는 작업을 하던 중 하강하는 파커와 적재함 사이에 끼어 사망하였다. 2021년 10월경에는 생활폐기물처리장 내 매립지에서 폐기물 운반차량(압착진개차)의 유압실린더가 고장 나 압착장치(파카)를 올린 뒤 갈고리로 쓰레기를 꺼내던 재해자가 파카가 하강하며 적재함과 파카 사이에 끼어 사망한 사고가 있었다.","[제조업등 연번734] 2023년 9월경 OO공장에서 재해자가 압착진개차량(5.6톤)으로 수집·운반한 폐기물을 배출하고 적재함 내부를 확인 중 적재함 후면부의 압착장치(파카)가 불시 하강하며 파카와 적재함 사이에 상체가 끼여 사망 / [제조업등 연번1935] 2016년 4월경 OO소각장에서 재해자가 작업차량(압착식진개차)의 적재함 문(파카)과 적재함 사이에 끼어 사망 / [제조업등 연번1947] 2017년 11월경 매립장에서 재해자가 쓰레기 수거차량의 잔여물을 제거하기 위해 작업을 하던 중 하강하는 파커와 적재함 사이에 끼어 사망 / [제조업등 연번1955] 2021년 10월경 생활폐기물처리장내 매립지에서 재해자가 폐기물 운반차량(압착진개차)의 유압실린더 고장으로 압착장치(파카)를 올린 후 갈고리로 쓰레기를 꺼내던 중, 압착장치(파카)가 하강하여 적재함과 파카사이에 끼어 사망","SIF 제조업등 연번 734, 1935, 1947, 1955 · data/processed/1_SIF_제조업등.csv",압착진개차|파카|적재함|끼임|쓰레기 수거차,medium,"내부 메모: 기인물 화물운반트럭(청소차량/압착식진개차). pandas(청소·음식물수거차+파카/압착/도어) 제조업등 약 10건. 이물질 세척 중 타인이 스위치 조작(1936,1937), 후진 충돌(1938,1940), 적재함 하부 수리 중 하강(989)은 다른 상황이라 제외."
SL_B_3_018,③ 유사 사고사례,사출성형기 내부 점검 끼임,worker,사출성형기 안에 들어가서 점검하다가 기계가 갑자기 움직여 끼인 사고는 어떤 게 있었나요?,"2018년 6월경, 사출 성형공정에서 재해자가 사출성형기 내부에 들어가 금형 점검 작업을 하던 중 불시에 설비가 가동하여 설비 사이에 끼여 사망하였다. 2019년 9월경에는 사출성형 공정에서 재해자가 사출성형기 내부를 점검하던 중 불시에 가동한 설비 사이에 끼여 사망하였고, 2019년 3월경에는 플라스틱 제품 성형공정에서 재해자가 사출성형기 내부를 점검하던 중 금형 사이에 끼여 사망하였다. 2020년 9월경에는 성형공정에서 재해자가 사출성형기 내부에서 점검하던 중 불시에 동작한 설비에 끼여 사망한 사고가 있었다.",[제조업등 연번76] 2018년 6월경 OO사업장 사출 성형공정에서 재해자가 사출성형기 내부에 들어가 금형 점검 작업 중 불시에 설비가 가동하여 설비 사이에 끼여 사망 / [제조업등 연번77] 2019년 9월경 OO사업장 사출성형 공정에서 재해자가 사출성형기 내부 점검 중 불시에 가동한 설비 사이에 끼여 사망 / [제조업등 연번78] 2019년 3월경 OO사업장 플라스틱 제품 성형공정에서 재해자가 사출성형기 내부 점검 중 금형 사이에 끼여 사망 / [제조업등 연번79] 2020년 9월경 OO사업장 성형공정에서 재해자가 사출성형기 내부에서 점검 중 불시에 동작한 설비에 끼여 사망,"SIF 제조업등 연번 76, 77, 78, 79 · data/processed/1_SIF_제조업등.csv",사출성형기|내부 점검|불시 가동|금형|끼임,medium,"내부 메모: 기인물 사출성형기. pandas(사출성형기+내부 점검) 제조업등 약 10건. 이물질·부산물 제거 중 끼임(236,296,760)은 ④ 문항에서 사용, 상부 추락(96,98)은 다른 유형."
SL_B_3_019,③ 유사 사고사례,승강장 문 개방 추락,worker,엘리베이터 승강장 문을 손으로 열고 확인하다가 승강로로 떨어진 사고는 어떤 게 있었나요?,"2020년 12월, 근로자가 출입문을 수동으로 개방하다가 승강장에서 14.8m 높이의 엘리베이터 피트로 추락하여 지하 바닥면에서 사망하였다. 2017년 2월경에는 건물 지하 1층에서 승강기를 점검하던 재해자가 출입문을 수동으로 개방하여 엘리베이터 상태를 확인하던 중 약 8.5미터 아래 지하 3층으로 추락하여 사망하였고, 2021년 11월경에는 아파트 승강기 정기검사를 위해 승강장 출입문을 임의로 열어 확인하던 재해자가 승강기 상부로 떨어져 사망하였다. 2017년 5월경에는 화물을 운반하기 위해 수동으로 전환하고 1층 승강기의 안전장치를 해제한 뒤 승강기 문을 개방하던 재해자가 지하 3층 아래(13.2미터) 바닥으로 추락해 사망한 사고가 있었다.","[제조업등 연번1033] 2020년 12월 OO 소속근로자가 출입문을 수동으로 개방하다가 승강장에서 엘리베이터 피트로 추락(높이 14.8m)하여 지하 바닥면에서 사망 / [제조업등 연번1851] 2017년 2월경 OO건물 지하 1층에서 승강기 점검 중이던 재해자가 출입물을 수동으로 개방하여 엘리베이터 상태를 확인하던 중 지하 3층으로 추락(약 8.5미터)하여 사망 / [제조업등 연번2091] 2021년 11월경 아파트 승강기에서 재해자가 아파트 승강기 정기검사를 위해 승강장 출입문을 임의로 열어 확인하던 중, 승강기 상부로 떨어져 사망 / [제조업등 연번2093] 2017년 5월경 OO빌딩에서 재해자가 화물을 운반하기 위해 수동으로 전환 후 1층 승강기의 안전장치를 해제 후 승강기 문을 개방하던 중 지하 3층 아래(13.2미터) 아래 바닥으로 추락해 사망","SIF 제조업등 연번 1033, 1851, 2091, 2093 · data/processed/1_SIF_제조업등.csv",엘리베이터|승강장 출입문|수동 개방|피트|추락,medium,"내부 메모: 기인물 엘리베이터. pandas(엘리베이터+문/출입문) 제조업등 약 5건. 카 상부에서 점검 중 카가 움직여 끼임(2179,2414 등)은 ④ 문항에서 사용, 화물용 엘리베이터 운반구 개구부 추락(920)은 부분관련 후보."
SL_B_3_020,③ 유사 사고사례,버스 차고지 충돌,manager,버스 차고지에서 움직이는 버스에 사람이 치여 사망한 사고는 어떤 게 있었나요?,"2017년 8월경, 차고지에서 버스 운전자가 버스 앞에서 흡연하던 재해자를 보지 못하고 출발하여 재해자가 버스에 깔려 사망하였다. 2017년 2월경에는 버스 차고지에서 재해자가 주차관리를 위해 경광봉으로 시내버스에 정지신호를 하던 중, 운전자가 재해자를 미처 발견하지 못하고 진행한 시내버스에 부딪혀 사망하였고, 2018년 12월경에는 버스차고지 주차장에서 재해자가 버스를 유도하던 중 진행하는 버스에 충돌하여 바닥에 부딪히면서 사망하였다. 2021년 1월경에는 버스 차고지에서 걸어가던 재해자가 충전을 위해 충전소 방향으로 진행하던 버스에 부딪힌 후 앞바퀴에 역과하여 사망한 사고가 있었다.","[제조업등 연번1765] 2017년 8월경 OO차고지에서 버스 운전자가 버스 앞에서 흡연하던 재해자를 보지 못하고 출발하여 재해자가 버스에 깔려 사망 / [제조업등 연번1766] 2017년 2월경 버스 차고지에서 재해자가 주차관리를 위해 경광봉을 사용하여 시내버스에 정지신호를 하던 중, 운전자가 재해자를 미처 발견하지 못하고 진행한 시내버스에 부딪혀 사망 / [제조업등 연번1769] 2018년 12월경 버스차고지에서 재해자가 주차장에서 버스를 유도하던 중, 진행하는 버스에 충돌하여 바닥에 부딪히면서 사망 / [제조업등 연번1770] 2021년 1월경 버스 차고지에서 재해자가 걸어가던 중, 충전을 위해 충전소 방향으로 진행하던 버스에 부딪힌 후 앞바퀴에 역과하여 사망","SIF 제조업등 연번 1765, 1766, 1769, 1770 · data/processed/1_SIF_제조업등.csv",버스|차고지|유도|충돌|깔림,medium,"내부 메모: 기인물 기타 차량(버스). pandas(버스+차고지) 제조업등 약 5건. 주차브레이크 미작동 버스를 막다 사망(1767), 정비소 버스 정비 중 사고(1771,1772,1891)는 다른 유형."
SL_B_3_021,③ 유사 사고사례,신선기 드럼 말림,worker,철선이나 알루미늄 선 뽑는 신선기 돌리다가 드럼에 몸이 감겨 들어간 사고가 예전에 어떤 게 있었나요?,"2016년 12월경, 신선기의 철선 용접과 다이스 교체 후 재가동하는 과정에서 신선기 드럼의 철선 처짐을 조정하기 위해 정리하던 재해자의 장갑이 회전하는 신선기 드럼과 철선 사이에 말리면서 몸이 함께 말려 들어가 사망하였다. 2022년 7월경에는 4.8 ㎜의 알루미늄 선을 4 ㎜로 축소 인발하는 작업 중 인발 드럼에 감긴 선을 균일하게 감기도록 조정하기 위해 권선된 선을 발로 차다가 오른쪽 발이 선에 감겨 신체가 끌려가 작업장 바닥에 머리를 부딪혀 사망하였고, 2023년 11월경에는 재해자가 보빈에 감겨 있는 선재(φ6.5mm)를 신선기의 첫 번째 인발블록(drawing block)에 연결하고 드럼을 회전시켜 선재를 감던 중 회전하는 드럼과 감기는 선재 사이에 왼손 등 신체 일부가 말려 사망하였다. 2020년 1월에는 작업장 내 작동하는 기계의 조정 작업을 하던 중 하의가 신선기 드럼헤드에 끼여 몸이 함께 회전하면서 사망한 사고가 있었다.",[제조업등 연번1155] 2016년 12월경 재해자가 신선기의 철선 용접 및 다이스를 교체한 후 재가동 하는 과정에서 신선기 드럼 철선 처짐을 조정하기 위해 정리하던 중 장갑이 회전하는 신선기 드럼과 철선 사이에 몸이 말려 들어가 사망 / [제조업등 연번1165] 2022년 7월경 OO공장에서 4.8 ㎜의 알루미늄 선을 4 ㎜로 축소 인발하는 작업 중 인발 드럼에 감긴 선을 균일하게 감기도록 조정하기 위해 권선된 선을 발로 차다가 오른쪽 발이 선에 감겨 신체가 끌려가서 작업장 바닥에 머리를 부딪혀 사망 / [제조업등 연번1166] 2023년 11월경 OO신선기 작업장에서 재해자가 보빈에 감겨있는 선재(φ6.5mm)를 신선기의 첫 번째 인발블록(drawing block)에 연결하고 드럼을 회전시켜 선재를 드럼에 감던 중 회전하는 드럼과 드럼에 감기는 선재사이에 왼손 등 신체일부가 말려 사망 / [제조업등 연번1231] 2020년 1월 OO작업장 내 작동하는 기계의 조정 작업 수행 중 하의가 신선기 드럼헤드에 끼여 몸이 함께 회전하면서 사망함,"SIF 제조업등 연번 1155, 1165, 1166, 1231 · data/processed/1_SIF_제조업등.csv",신선기|인발|드럼|말림|장갑,medium,"내부 메모: 제조업등 기인물 생산설비(신선기)가 약 4건, 개요에 신선·인발이 들어가는 것까지 넓히면 약 6건. 선택 4건 외 인발 관련 다른 유형은 부분관련 후보."
SL_B_3_022,③ 유사 사고사례,트럭 적재함·캡 하강,worker,트럭 적재함이나 운전석 캡을 올려 놓고 밑에서 정비하다가 갑자기 내려와서 끼인 사고가 어떤 게 있었나요?,"2019년 3월, 공장 안에서 덤프트럭을 수리하던 재해자가 위로 올려 둔 적재함 아래에서 정비작업을 하던 중 적재함이 아래로 내려오면서 사망하였다. 2019년 4월에는 공장 내에서 덤프트럭의 적재함 하부에서 작업하던 중 적재함이 갑자기 아래 방향으로 하강하여 차량 본체와 적재함 사이에 협착되어 사망하였고, 2022년 5월경에는 채석장에서 재해자가 덤프트럭(30.6톤)을 점검하던 중 하강하는 적재함과 차대 프레임 사이에 끼여 사망하였다. 2018년 3월경에는 정비공장에서 재해자가 대형트럭을 수리하던 중 하강하는 캡과 차체(캡 슈)에 끼어 사망하였다. 2022년 3월경에는 공장 대형트럭 로드 수정장에서 재해자가 대형트럭(9.5톤)의 품질검사를 위해 유압실린더를 조작해 운전석을 틸팅한 뒤 누유 및 볼트조립 등 엔진부분을 검사하던 중, 틸팅된 운전석이 하강하여 캡 프레임과 엔진부분 사이에 신체가 끼어 사망한 사고가 있었다.","[제조업등 연번1006] 2019년 3월 OO공장 내에서 덤프트럭 수리중 적재함 하부에서 정비작업 중이던 재해자가 상향 적재함이 하향으로 내려오며 사망한 재해. / [제조업등 연번1007] 2019년 4월 OO 공장 내에서 덤프트럭의 적재함 하부에서 작업 중 적재함이 갑자기 아래방향으로 하강하여 차량 본체와 적재함 사이에 협착되어 사망. / [제조업등 연번2573] 2022년 5월경 OO채석장에서 재해자가 덤프트럭(30.6톤)을 점검하던 중 하강하는 적재함과 차대 프레임 사이에 끼여 사망 / [제조업등 연번1005] 2018년 3월경 정비공장에서 재해자가 대형트럭 수리작업 중 하강하는 캡과 차체(캡 슈)에 끼어 사망 / [제조업등 연번927] 2022년 3월경 OO공장 대형트럭 로드 수정장에서 재해자가 대형트럭(9.5톤)의 품질검사를 위해 유압실린더를 조작하여 운전석을 틸팅 후 누유 및 볼트조립 등 엔진부분을 검사하던 중, 틸팅된 운전석이 하강하여 캡 프레임과 엔진부분 사이에 재해자 신체가 끼어 사망","SIF 제조업등 연번 1006, 1007, 2573, 1005, 927 · data/processed/1_SIF_제조업등.csv",덤프트럭|적재함|캡|정비|하강|끼임,medium,내부 메모: 같은 유형(적재함·캡 하강 협착)이 제조업등 화물운반트럭 안에 더 있을 수 있음. 압착진개차 적재함 하강 사례(연번989 등)는 차종이 달라 부분관련 후보.
SL_B_3_023,③ 유사 사고사례,체인 파단·이탈 낙하,manager,"체인블록, 호이스트, 레버풀러 같은 체인 달기구가 끊어지거나 이탈해서 난 사고는 어떤 경우들이 있었나요?","2019년 3월경, 체인블록을 사용하여 바닥에 눕혀진 압력용기(약 1.7ton)를 들어 세우던 중 체인블록의 로드체인이 파단되면서, 주변에서 작업하던 재해자가 전도되는 압력용기에 맞은 후 깔려 사망하였다. 2016년 8월경에는 지상14층에 위치한 엘리베이터 카 상부에서 와이어로프와 레일을 철거하던 중 임시로 엘리베이터를 매달고 있던 호이스트(5톤)의 체인이 파단되어 재해자가 지하1층 엘리베이터 핏트로 추락해 사망하였고, 2017년 4월경에는 설비동 지하 2층 전처리실에서 재해자가 분리막 전처리장치의 초미세목 스크린(1.5t)을 설치하려던 중 호이스트의 훅에 걸었던 보조 달기구인 체인이 훅으로부터 이탈하여 낙하하는 스크린에 맞아 사망하였다. 2022년 7월경에는 레버풀러를 이용하여 철골기둥 수직도를 조절하던 중 체인이 파단되면서 장력을 받고 있던 방향으로 날아가는 레버풀러에 재해자가 머리를 맞아 사망한 사고가 있었다.","[건설업 연번2087] 2019년 03월경 ○○현장에서 체인블록을 사용하여 바닥에 눕혀진 압력용기(약1.7ton)를 들어 세우던 중 체인블록의 로드체인이 파단되면서, 주변에서 작업 중이던 재해자가 전도되는 압력용기에 맞은 후 깔려 사망 / [건설업 연번2226] 2016년 08월경 ○○현장에서 피재자가 지상14층에 위치한 엘리베이터 카 상부에서 와이어로프, 레일 철거작업중 임시로 엘리베이터를 매달고 있는 호이스트(5톤)의 체인이 파단되어 지하1층 엘리베이터 핏트로 추락 사망 / [건설업 연번1966] 2017년 04월경 ○○현장의 설비동 지하 2층 전처리실에서 피재자가 분리막 전처리장치의 초미세목 스크린(1.5t)을 설치하려던 중 호이스트의 훅에 걸었던 보조 달기구인 체인이 훅으로부터 이탈하여 낙하하는 초미세목 스크린에 맞아 사망 / [건설업 연번786] 2022년 07월경 ○○현장에서 피재자가 레버풀러를 이용하여 철골기둥 수직도 조절작업을 하던 중 체인이 파단되며 장력을 받고 있던 방향으로 날아가는 레버풀러에 머리를 맞아 사망","SIF 건설업 연번 2087, 2226, 1966, 786 · data/processed/1_SIF_건설업.csv",체인블록|호이스트|달기체인|체인 파단|낙하,medium,"내부 메모: 건설업 기인물 줄걸이 기구 중 체인 관련 파단·이탈이 약 9건, 개요에 체인 파단·이탈·끊김이 들어가는 것은 전체 약 14건. 연번2158(PP로프 파단)·1994(러그 용접부 탈락)은 부분관련 후보."
SL_B_3_024,③ 유사 사고사례,적재물 무너짐,worker,창고나 적재장에 쌓아둔 물건이 넘어지거나 무너져서 작업자가 깔린 사고가 어떤 게 있었나요?,"2018년 1월경, 폐비닐 적재장에서 재해자가 이동하던 중 적재된 제품이 넘어지면서 아래에 깔려 사망하였다. 2022년 4월경에는 폐비닐 압축품 보관창고에서 재해자가 청소하던 중 4단으로 적재된 적재물 가운데 3, 4단 적재물이 넘어지면서 하반신이 깔려 치료 중 사망하였고, 2023년 11월경에는 창고에서 재해자가 하적된 원단 사이에 들어가 식사 및 휴식을 취하던 중 주변에 하적된 원단(약 400~600kg) 더미가 떨어져 사망하였다. 2020년 10월경에는 물류창고에서 재해자가 세라믹 타일을 출고하는 작업 중 타일 1묶음(10장, 1.5ton)이 작업자 방향으로 넘어지면서 타일에 깔려 사망한 사고가 있었다.","[제조업등 연번36] 2018년 1월경 OO사업장 폐비닐 적재장에서 재해자가 이동 중 적재된 제품이 넘어지면서 아래에 깔려 사망 / [제조업등 연번132] 2022년 4월경 폐비닐 압축품 보관창고에서 재해자가 청소하던 중 4단으로 적재된 적재물 중 3, 4단 적재물이 넘어지면서 청소 중이던 재해자의 하반신이 적재물에 깔려 치료 중 사망 / [제조업등 연번554] 2023년 11월경 OO창고에서 재해자가 하적된 원단 사이에 들어가 식사 및 휴식을 취하던 중 주변에 하적된 원단(약 400~600kg) 더미가 재해자에게 떨어져 사망 / [제조업등 연번2284] 2020년 10월경 물류창고에서 재해자가 세라믹 타일을 출고하는 작업 중, 타일 1묶음(10장, 1.5ton)이 작업자 방향으로 넘어지며 타일에 깔려 사망","SIF 제조업등 연번 36, 132, 554, 2284 · data/processed/1_SIF_제조업등.csv",적재물|무너짐|창고|깔림|하적,easy,내부 메모: 제조업등 기인물 중량물(톤백 제외) 약 13건 중 적재물이 넘어지거나 무너져 깔린 유형이 약 5건(연번2121 포함 가능). 연번134(적재 파렛트 위에서 추락)는 부분관련 후보.
SL_B_3_025,③ 유사 사고사례,선로 작업 중 열차 충돌,worker,철도 선로에서 작업하다가 열차에 치인 사고는 어떤 경우들이 있었나요?,"2020년 12월경, 배수로 설치를 위해 굴착과 벤치플룸관 매설 작업을 하던 중, 선로 위에 올라간 굴착기가 작업 지점을 통과하던 화물열차와 충돌하면서 굴착기 운전원과 작업을 지휘하던 대표이사가 사망하였다. 2017년 10월경에는 열차운행 감시업무를 하던 재해자가 선로를 건너던 중 운행 중이던 열차에 부딪혀 사망하였고, 2019년 9월경에는 철도 선로 측면을 따라 이동하던 중 뒤에서 다가오는 전동열차에 추돌하여 사망하였다. 2020년 8월경에는 열차운행 감시 업무를 하던 재해자가 선로를 건너던 중 운행 중이던 기관차에 부딪혀 기관차 바퀴와 레일 사이에 끼여 사망한 사고가 있었다.","[건설업 연번12] 2020년 12월경 ○○현장에서, 배수로 설치(굴착 및 벤치플룸관 매설)를 위해 선로 상에 올라간 굴착기가, 해당 작업지점을 통과하던 화물열차와 충돌하면서 굴착기 운전원과 작업을 지휘하던 대표이사가 사망 / [건설업 연번3268] 2017년 10월경 ○○현장에서 열차운행 감시업무를 수행하던 재해자가 선로를 건너던 중 운행 중이던 열차에 부딪혀 사망 / [건설업 연번3306] 2019년 9월경 ○○현장에서 철도 선로 측면을 따라 이동하는 중 뒤에서 다가오는 전동열차에 추돌하여 사망 / [건설업 연번3358] 2020년 8월경 ○○현장에서 열차운행 감시 업무를 수행하던 재해자가 선로를 건너던 중, 운행 중이던 기관차에 부딪혀 기관차 바퀴와 레일 사이에 끼여 사망","SIF 건설업 연번 12, 3268, 3306, 3358 · data/processed/1_SIF_건설업.csv",선로|열차|열차감시|충돌|철도,medium,내부 메모: 건설업 기인물 분류불능 중 선로·열차 관련이 약 5건. 질문 조건과 다른 유형(분류불능의 폭염 쓰러짐 등)은 해당 없음.
SL_B_4_001,④ 사고원인·재발방지,지붕 처마 물받이 설치,manager,"지붕이나 처마에서 물받이, 홈통 설치하다가 떨어지는 사고는 왜 나고 어떻게 막아야 하나요?","원인: 지붕 위나 처마 쪽에서 물받이·처마홈통을 설치하거나 자재를 옮기고 이동하다가 지붕 단부에서 실족하거나 몸의 중심을 잃고 떨어졌다. 이동 중 개구부를 인지하지 못하고 발을 헛디뎌 추락한 경우도 있다. / 재발방지: ① 지붕 설치·해체 작업 시 별도의 작업발판과 추락방호망을 설치한다. ② 지붕 단부 등 추락위험 장소에는 안전난간과 이동통로를 설치한다. ③ 추락위험이 있는 작업에는 안전대 부착설비를 설치하고 안전대를 착용한다. ④ 지붕재의 해체·설치 시 고소작업대를 사용하는 등 지붕 위에서의 작업을 최소화한다. ⑤ 지붕 단부에서 작업할 때는 외부 비계를 설치해 작업발판과 안전난간을 갖추고, 지붕 하부에 추락방호망을 설치한다.","[건설업 연번1424] 2018년 11월경 ○○현장에서 피재자가 지붕물받이 설치 작업을 하기 위해 지붕에서 자재를 옮기던 중 지붕단부에서 실족하여 높이 약 14.2m 아래 지상 바닥으로 추락하여 사망 / [건설업 연번1424] 요인: 지붕물받이 설치 작업을 하기위해 지붕에서 자재를 옮기던 중 몸의 중심을 잃고 추락 / [건설업 연번1424] 대책: 지붕 설치, 해체 작업 시 별도의 작업발판 설치 및 추락방호망 설치 / [건설업 연번1424] 대책: 지붕 단부 등 추락위험장소에 안전난간 및 이동통로 설치 / [건설업 연번1424] 대책: 추락위험이 있는 작업시 안전대 부착설비 설치 및 안전대 착용 / [건설업 연번1424] 대책: 지붕재의 해체 또는 설치 작업 시 고소작업대 사용 등 지붕 위에서의 작업을 최소화 / [건설업 연번1469] 2016년 8월경 ○○현장에서 피재자가 경량철골 상부에서 처마홈통에 선홈통을 설치 후 실리콘으로 실링(방수)작업을 마치고 이동하던 중, 약 6m 아래 콘크리트 바닥으로 떨어져 사망 / [건설업 연번1469] 요인: 지붕 상부에서 처마홈통에 선홈통을 설치 후 실리콘으로 실링작업을 마치고 이동하던 중 근로자가 몸의 중심을 잃고 추락 / [건설업 연번1469] 대책: 지붕 설치, 해체 작업 시 별도의 작업발판 설치 및 추락방호망 설치 / [건설업 연번1469] 대책: 지붕 단부 등 추락위험장소에 안전난간 및 이동통로 설치 / [건설업 연번1469] 대책: 추락위험이 있는 작업시 안전대 부착설비 설치 및 안전대 착용 / [건설업 연번1469] 대책: 지붕재의 해체 또는 설치 작업 시 고소작업대 사용 등 지붕 위에서의 작업을 최소화 / [건설업 연번1490] 2017년 10월경 ○○현장에서 피재자가 외벽 상부에 지붕 물받이 홈통 설치 작업 중 몸의 중심을 잃고 지상 콘크리트바닥으로 떨어져(H≒5.7m) 사망 / [건설업 연번1490] 요인: 지붕 물받이 홈통 설치 작업 중 몸의 중심을 잃고 추락 / [건설업 연번1490] 대책: 지붕 작업 시 별도의 작업발판 설치 및 추락방호망 설치 / [건설업 연번1490] 대책: 지붕 단부 등 추락위험장소에 안전난간 및 이동통로 설치 / [건설업 연번1490] 대책: 추락위험이 있는 작업시 안전대 부착설비 설치 및 안전대 착용 / [건설업 연번1490] 대책: 지붕 작업 시 고소작업대 사용 등 지붕 위에서의 작업을 최소화 / [건설업 연번1545] 2019년 08월경 ○○현장에서 피재자가 지상3층 주차장 지붕 처마 물받이 설치작업 중, 건물배면 지상1층 하역장 지붕공사 작업 구간으로 이동하다가 개구부(폭45cm)를 통해 약 13.3m 아래 지하2층 바닥으로 추락하여 사망 / [건설업 연번1545] 요인: 지붕 처마 물받이 설치작업을 위해 이동하던 중 개구부를 인지하지 못하고 발을 헛디뎌 바닥으로 추락 / [건설업 연번1545] 대책: 지붕 단부에서 작업할 경우 외부 비계 설치를 통해 작업발판 및 안전난간 설치 / [건설업 연번1545] 대책: 지붕 하부 추락방호망 설치 및 지붕 상부 이동통로 설치 / [건설업 연번1545] 대책: 추락위험이 있는 작업시 안전대 부착설비 설치 및 안전대 착용 / [건설업 연번1545] 대책: 지붕재의 해체 또는 설치 작업 시 고소작업대 사용 등 지붕 위에서의 작업을 최소화","SIF 건설업 연번 1424, 1469, 1490, 1545 · data/processed/1_SIF_건설업.csv",지붕|물받이|처마홈통|추락|작업발판,medium,"내부 메모: 기인물 지붕(처마,홈통). pandas(재해개요에 물받이/홈통+설치) 건설업 약 20건. 1492(이동식 비계에서 사다리로 내려오다 추락)는 대책이 달라 제외."
SL_B_4_002,④ 사고원인·재발방지,말비계 견출작업,manager,말비계 위에서 견출작업 하다가 떨어지는 사고는 왜 나고 어떻게 막나요?,원인: 발코니나 옥상 단부 등에 설치한 말비계 위에서 견출작업을 하다가 몸의 중심을 잃거나 발판에서 실족해 말비계에서 떨어졌다. 개구부나 단부 가까이에서 작업하면 건물 외부로까지 추락하였다. / 재발방지: ① 말비계를 평탄한 바닥면에 견고하게 설치한다. ② 추락위험이 있으면 안전대를 착용하고 안전대 부착설비에 체결한 후 작업한다. ③ 세대 내 개구부에는 안전난간이나 수직형 추락방망을 설치하는 등 방호조치를 한다. ④ 개구부·단부에 근접해서 말비계를 사용하는 작업을 하지 않는다.,"[건설업 연번916] 2017년 08월경 ○○현장에서 피재자가 발코니 천장 견출작업을 위해 말비계 위에서 핸드그라인더로 천장 면정리 작업 중 콘크리트 바닥으로 떨어져(H≒1.1m) 사망 / [건설업 연번916] 요인: 말비계 위에서 견출 작업 중 몸의 중심을 잃고 추락 / [건설업 연번916] 대책: 말비계를 평탄한 바닥면에 견고하게 설치 / [건설업 연번916] 대책: 추락위험이 있는 경우 안전대를 착용토록 하고 안전대 부착설비에 안전대를 체결한 후 작업 / [건설업 연번932] 2018년 5월경 ○○현장에서 피재자가 발코니에 설치된 말비계 위에서 견출작업 중 말비계에서 건물 외부 지상 1층 바닥으로 떨어져(H≒11.8m) 사망 / [건설업 연번932] 요인: 발코니에 설치된 말비계 위에서 견출작업 중 몸의 중심을 잃고 추락 / [건설업 연번932] 대책: 말비계를 평탄한 바닥면에 견고하게 설치 / [건설업 연번932] 대책: 추락위험이 있는 경우 안전대 부착설비에 안전대를 체결한 후 작업 / [건설업 연번933] 2018년 5월경 ○○현장에서 피재자가 아파트 옥상 단부에 설치 된 말비계 위에서 계단실 옥탑 외벽을 핸드 그라인더로 견출작업(면갈이) 중 지상으로 떨어져(H≒70m) 사망 / [건설업 연번933] 요인: 옥상 단부에 설치 된 말비계 위에서 계단실 옥탑 외벽을 핸드 그라인더로 견출작업(면갈이) 중 지상으로 추락 / [건설업 연번933] 대책: 말비계를 평탄한 바닥면에 견고하게 설치 / [건설업 연번933] 대책: 추락위험이 있는 경우 안전대를 착용토록 하고 안전대 부착설비에 안전대를 체결한 후 작업 / [건설업 연번937] 2018년 1월경 ○○현장에서 피재자가 건물 6층 발코니에 설치된 말비계 상부에서 실내 견출 작업을 진행하던 중 몸의 중심을 잃고 말비계에서 발코니 창호구간 바깥쪽 지상으로 떨어져 (H≒17m) 사망 / [건설업 연번937] 요인: 발코니에 설치된 말비계 상부에서 견출 작업을 진행하던 중 몸의 중심을 잃고 발코니 단부로 추락 / [건설업 연번937] 대책: 말비계를 평탄한 바닥면에 견고하게 설치 / [건설업 연번937] 대책: 추락위험이 있는 경우 안전대를 착용토록 하고 안전대 부착설비에 안전대를 체결한 후 작업 / [건설업 연번962] 2022년 3월경 ○○현장에서 피재자가 말비계 위에서 발코니 천정(외측 창문쪽)구간의 견출작업 중 말비계 작업발판에서 실족하여 아파트 구조물 외부로 떨어져 사망 / [건설업 연번962] 요인: 아파트 신축공사 현장에서 말비계를 사용하여 세대 발코니 외측구간 견출작업 중 말비계 작업발판에서 실족하여 발코니(아파트) 외부로 떨어짐 / [건설업 연번962] 대책: 아파트 세대 내 개구부에 대하여 안전난간 또는 수직형 추락방망 설치 등 방호조치 철저 / [건설업 연번962] 대책: 개구부, 단부 등에 근접하여 말비계 사용 작업 금지","SIF 건설업 연번 916, 932, 933, 937, 962 · data/processed/1_SIF_건설업.csv",말비계|견출작업|발코니|옥상 단부|추락,medium,내부 메모: 기인물 말비계. pandas(재해개요에 말비계+견출) 건설업 약 6건(955 계단 말비계 견출은 대책이 같아 부분관련 후보).
SL_B_4_003,④ 사고원인·재발방지,계단 단부 작업,manager,계단참이나 계단실 단부에서 미장·마감 작업하다 떨어지는 사고는 왜 나고 어떻게 막나요?,"원인: 계단참이나 계단실에서 미장·타일 등 마감작업을 하거나 이동하다가 발을 헛디디거나 균형을 잃고, 계단 단부(일부는 난간이 해체된 상태)나 돌음계단 중앙 개구부로 추락하였다. / 재발방지: ① 계단 단부 등 추락위험이 있는 장소에는 안전난간을 견고하게 설치한다. ② 작업을 위해 임의로 안전난간을 해체해야 하는 경우에는 안전방망을 설치하거나 안전대 부착설비를 설치하고 안전대를 체결한 후 작업한다. ③ 작업간섭 등으로 계단·계단참 단부의 안전난간이 해체된 경우 해당 작업이 끝나면 안전난간을 다시 설치한다. ④ 추락위험이 있는 장소에서 작업할 때 안전대 부착설비를 설치하고 안전대를 착용하며 개인보호구를 지급·착용한다.","[건설업 연번914] 2017년 05월경 ○○현장에서 피재자가 계단실 4층 계단참 바닥에 몰탈 타설 및 평탄작업 중, 계단참 끝단부에서 발을 헛디뎌 약 8.6m아래 2층 계단참 바닥으로 추락하여 사망 / [건설업 연번914] 요인: 계단참 미장·견출 작업 중 몸의 중심을잃고 계단 단부로 추락 / [건설업 연번914] 대책: 계단 단부 등 추락위험이 있는 장소에는 안전난간 견고하게 설치 / [건설업 연번914] 대책: 작업을 위해 임의로 안전난간을 해체해야 하는 경우 안전방망 설치 또는 안전대 부착설비를 설치하고 안전대 체결 후 작업 / [건설업 연번946] 2020년 12월경 ○○현장에서 피재자가 계단참에서 계단 마구리면 미장작업 중 높이 약 9.2M 아래의 지상 1층 바닥으로 추락하여 사망 / [건설업 연번946] 요인: 계단참에서 계단 마구리면 미장작업 중 발을 헛디뎌 안전난간이 설치되지 않은 계단 단부로 추락 / [건설업 연번946] 대책: 계단 단부 등 추락위험이 있는 장소에는 안전난간 견고하게 설치 / [건설업 연번946] 대책: 작업을 위해 임의로 안전난간을 해체해야 하는 경우 안전방망 설치 또는 안전대 부착설비를 설치하고 안전대 체결 후 작업 / [건설업 연번963] 2022년 5월경 ○○현장에서 피재자가 3층 계단실 측면경사 구간 미장작업 중, 몸의 중심을 잃고 계단실 단부 아래 1층 바닥으로(h≒6.8m)로 떨어져 사망 / [건설업 연번963] 요인: 오피스텔 신축현장에서 나선형으로 된 계단실 3층에서 재해자가 미장작업 중, 몸의 중심을 잃고 계단 중앙 단부(개구부)로 떨어짐 / [건설업 연번963] 대책: 계단 단부 등 추락위험이 있는 장소에는 안전난간 견고하게 설치 / [건설업 연번963] 대책: 작업을 위해 임의로 안전난간을 해체해야 하는 경우 안전방망 설치 또는 안전대 부착설비를 설치하고 안전대 체결 후 작업 / [건설업 연번1079] 2018년 12월경 ○○현장에서 피재자가 ""ㅁ""형 돌음계단 계단실 7층 계단참 타일을, 계단 단부 안전난간이 해체된 상태에서 시공하던 중 균형을 잃고 돌음계단 중앙 ""ㅁ""자 개구부로 지하1층 바닥으로(높이 : 약23m) 떨어져 사망 / [건설업 연번1079] 요인: 계단실 석재, 타일 마감작업 중 몸의 중심을 잃고 안전난간이 설치되지 않은 계단 단부로 추락 / [건설업 연번1079] 대책: 계단 단부 등 추락위험이 있는 장소에는 안전난간 견고하게 설치 / [건설업 연번1079] 대책: 작업을 위해 임의로 안전난간을 해체해야 하는 경우 안전방망 설치 또는 안전대 부착설비를 설치하고 안전대 체결 후 작업 / [건설업 연번548] 2017년 10월경 ○○현장에서 피재자가 지상11층 콘크리트바닥 마감작업 후 지상 10층으로 계단통로를 통해 이동하던 중 계단참 단부에서 약 2.3m아래 지상10층 콘크리트 바닥으로 추락하여 사망 / [건설업 연번548] 요인: 콘크리트 마감 작업 후 계단통로를 통해 이동 하던 중 안전난간이 해체된 상태의 계단참 단부에서 근로자 추락 / [건설업 연번548] 대책: 작업간섭 등의 사유로 계단 및 계단참 단부의 안전난간이 해체된 경우 해당작업 종료 후 안전난간 재설치 / [건설업 연번548] 대책: 추락위험이 있는 장소에서 작업 시 안전대 부착설비 설치 및 안전대 착용 / [건설업 연번548] 대책: 개인보호구 지급 및 착용","SIF 건설업 연번 914, 946, 963, 1079, 548 · data/processed/1_SIF_건설업.csv",계단 단부|계단참|안전난간|미장|추락,medium,"내부 메모: 기인물 계단. pandas(재해개요에 계단+단부) 건설업 약 23건. 245, 327(거푸집 계단실 개구부)도 같은 대책이라 같은 유형 후보."
SL_B_4_004,④ 사고원인·재발방지,미고정 작업발판,manager,고정 안 된 작업발판이 빠지거나 뒤집혀서 떨어지는 사고는 왜 나고 어떻게 막나요?,"원인: 비계나 계단실, 엘리베이터 피트 등에서 고정되지 않은 작업발판·통로발판을 딛고 작업하거나 이동하다가 발판이 빠지거나 뒤집혀서 발판과 함께, 또는 비계와 구조물 사이로 떨어졌다. / 재발방지: ① 추락위험장소에 설치한 작업발판은 빠지거나 뒤집힐 위험이 없도록 2개소 이상 고정한다. ② 작업발판 단부에 안전난간을 설치하고 안전대 등 개인보호구를 착용한다. ③ 추락하거나 넘어질 위험이 있는 경우 작업동선을 고려해 작업발판을 설치한다. ④ 비계와 구조물 사이에 추락위험이 있는 구간에는 추락방호망이나 추가 작업발판을 설치한다. ⑤ 비계를 조립할 때 외벽 마감재 시공을 고려해 구조물로부터 적정 거리를 이격하여 조립한다.","[건설업 연번223] 2019년 02월경 ○○현장에서 재해자가 지상 1층 Dry Area 내부에서 거푸집 등 자재반출 작업 중, 미고정된 작업발판이 이탈되면서 작업발판과 함께 약 25m 아래 지하 6층 콘크리트 바닥으로 떨어져 사망 / [건설업 연번223] 요인: 비계 작업발판 위에서 거푸집 운반 작업 중 미고정된 작업발판이 탈락되어 작업발판과 함께 작업자 추락 / [건설업 연번223] 대책: 추락위험장소에 설치된 작업발판은 탈락하거나 뒤집힐 위험이 없도록 2개소 이상 고정 / [건설업 연번223] 대책: 작업발판 단부에 안전난간 설치 및 안전대 착용 등 개인보호구 착용 / [건설업 연번223] 대책: 추락하거나 넘어질 위험이 있는 경우 작업동선을 고려한 작업발판 설치 / [건설업 연번336] 2023년 06월경 ○○현장에서, 피재자가 외부비계에서 고정되지 않은 통로발판을 밟고 건물내부로 이동하던 중, 통로발판이 탈락되며 비계와 구조물 사이로 떨어져(h≒6m) 사망 / [건설업 연번336] 요인: 외부비계에서 고정되지 않은 통로발판을 밟고 건물내부로 이동하던 중, 통로발판이 탈락되며 비계와 구조물 사이로 추락 / [건설업 연번336] 대책: 추락위험장소에 설치된 작업발판은 탈락하거나 뒤집힐 위험이 없도록 2개소 이상 고정 / [건설업 연번336] 대책: 비계와 구조물 사이 추락위험이 있는 구간에는 추락방호망 설치하거나 추가 작업발판 설치 / [건설업 연번336] 대책: 비계 조립 시 외벽 마감재 시공을 고려하여 구조물로부터 적정거리를 이격하여 조립 / [건설업 연번513] 2022년 10월경 ○○현장에서 재해자가 계단실에서 지상1층 철근 조립 작업 중 미고정 되어있던 작업발판과 함께 높이 약 4.85m 아래 지하1층 바닥으로 떨어져 사망 / [건설업 연번513] 요인: 단독주택 신축공사 현장에서 지상1층 계단실의 철근 조립을 위해 재해자가 미고정 된 작업발판에 올라서서 작업중 지하층 바닥으로 떨어짐 / [건설업 연번513] 대책: 추락위험장소에 설치된 작업발판은 탈락하거나 뒤집힐 위험이 없도록 2개소 이상 고정 / [건설업 연번513] 대책: 작업발판 단부에 안전난간 설치 및 안전대 착용 등 개인보호구 착용 / [건설업 연번926] 2018년 04월경 ○○현장에서 피재자가 건물 외부 비계에서 이동 중 고정되지 않은 작업발판(유로폼)이 뒤집어지면서 약 9.85m 아래 바닥으로 떨어져 사망 / [건설업 연번926] 요인: 건물 외부 비계에서 이동 중 고정되지 않은 작업발판(유로폼)이 뒤집어지면서 추락 / [건설업 연번926] 대책: 추락위험장소에 설치된 작업발판은 탈락하거나 뒤집힐 위험이 없도록 2개소 이상 고정 / [건설업 연번926] 대책: 작업발판 단부에 안전난간 설치 및 안전대 착용 등 개인보호구 착용 / [건설업 연번1145] 2020년 09월경 ○○현장에서 피재자가 5층 승객용 엘리베이터 피트(Pit) 내부 작업발판에서 철골 도장작업 중 고정되지 않은 작업발판이 철골에서 탈락하며 1층 엘리베이터 피트 바닥으로 떨어져(H≒30m) 사망 / [건설업 연번1145] 요인: 엘리베이터 피트 내부 작업발판에서 철골 도장작업 중 고정되지 않은 작업발판이 철골에서 탈락하면서 몸의 중심을 잃고 추락 / [건설업 연번1145] 대책: 추락위험장소에 설치된 작업발판은 탈락하거나 뒤집힐 위험이 없도록 2개소 이상 고정 / [건설업 연번1145] 대책: 작업발판 단부에 안전난간 설치 및 안전대 착용 등 개인보호구 착용 / [건설업 연번1145] 대책: 추락하거나 넘어질 위험이 있는 경우 작업동선을 고려한 작업발판 설치","SIF 건설업 연번 223, 336, 513, 926, 1145 · data/processed/1_SIF_건설업.csv",작업발판|고정되지 않은|탈락|뒤집|추락,medium,내부 메모: 기인물 작업발판/가설계단. pandas(재해개요에 고정되지 않은/미고정+발판) 건설업 약 13건. 1212(발판 목재 뒤집힘)는 대책이 달라 부분관련 후보.
SL_B_4_005,④ 사고원인·재발방지,천장 마감재 위 작업,manager,천장 샌드위치 패널을 밟고 올라가 배선이나 덕트 작업하다가 패널이 꺼져서 떨어지는 사고는 왜 나고 어떻게 막나요?,"원인: 샌드위치 패널(판넬) 같은 천장 마감재를 발판삼아 올라가 전기 배선이나 덕트 설치 작업을 하다가, 패널이 꺾이거나 천장틀에서 빠지면서 패널과 함께 바닥으로 떨어졌다. / 재발방지: ① 강도가 약한 마감재로 설치된 천장에서 작업할 때는 별도의 작업발판을 설치하고 고소작업대를 사용한다. ② 추락위험이 있는 작업에는 안전대 부착설비를 설치하고 안전대를 착용한다.","[건설업 연번1731] 2016년 06월경 ○○현장에서 전기공 3명이 통신배관(난연성 CD관, D16mm) 포설작업을 위하여 클린룸 천장 마감재인 샌드위치 패널(t=5cm)을 발판삼아 작업 중 피재자 1명이 통신배관 인입위치를 찾기 위해 다른 피재자 1명이 서서 작업하던 패널 위를 지나가던 중 패널이 꺾이면서 천장틀(T-bar)에서 탈락하여 패널과 함께 약 4.7m 아래 콘크리트 바닥으로 떨어져 1명 사망, 1명 부상 / [건설업 연번1731] 요인: 천장 마감재(샌드위치 판넬 등) 상부에서 작업 중, 마감재가 파단되며 바닥으로 추락 / [건설업 연번1731] 대책: 강도가 약한 마감재로 설치된 천장 작업 시 별도의 작업발판 설치 및 고소작업대 사용 / [건설업 연번1731] 대책: 추락위험이 있는 작업시 안전대 부착설비 설치 및 안전대 착용 / [건설업 연번1732] 2016년 11월경 ○○현장에서 피재자가 지상 1층 천장내부에서 전등설치를 위한 전선 배선작업 중, 밟고 있던 샌드위치 패널(천장 마감재)이 탈락되어 지상 1층 바닥(H≒3.5m)으로 떨어져 사망 / [건설업 연번1732] 요인: 천장 마감재(샌드위치 판넬) 상부에서 전선 배선작업 중, 마감재가 파단되며 바닥으로 추락 / [건설업 연번1732] 대책: 강도가 약한 마감재로 설치된 천장 작업 시 별도의 작업발판 설치 및 고소작업대 사용 / [건설업 연번1732] 대책: 추락위험이 있는 작업시 안전대 부착설비 설치 및 안전대 착용 / [건설업 연번1751] 2017년 7월경 ○○현장에서 피재자가 천장 마감재인 샌드위치 패널(t=5cm)을 발판삼아 공기정화 연결부(플랜지)에 보온재 부착 후 덕트 측면에 알루미늄 테이핑 작업을 하던 중 밟고 있던 천장패널 1장(2m×1m)이 꺾이면서 천장틀(T-bar)에서 탈락하여 패널과 함께 약 10m 아래 콘크리트 바닥으로 떨어져 사망 / [건설업 연번1751] 요인: 천장 판넬 상부에서 전기 배선작업 및 덕트 설치작업 중 판넬 자중 및 작업 하중을 견디지 못하고 천장이 붕괴되며 추락 / [건설업 연번1751] 대책: 강도가 약한 마감재로 설치된 천장 작업 시 별도의 작업발판 설치 및 고소작업대 사용 / [건설업 연번1751] 대책: 추락위험이 있는 작업시 안전대 부착설비 설치 및 안전대 착용 / [건설업 연번1777] 2019년 02월경 ○○현장에서 피재자 2명이 천장 설치가 끝나지 않은 2층 천장(샌드위치 판넬 2개, 1,850×1,000×100)위에 올라가 기 설치되어 있던 전선 트레이의 위치를 변경하던 중 천장판넬이 고정부(L형 앵글)에서 탈락되며 전공 2명이 판넬과 함께 4.5M 아래 2층 바닥으로 떨어져 부상 / [건설업 연번1777] 요인: 천장 판넬 상부에서 전기 배선작업 및 덕트 설치작업 중 판넬 자중 및 작업 하중을 견디지 못하고 천장이 붕괴되면서 동반 추락 / [건설업 연번1777] 대책: 강도가 약한 마감재로 설치된 천장 작업 시 별도의 작업발판 설치 및 고소작업대 사용 / [건설업 연번1777] 대책: 추락위험이 있는 작업시 안전대 부착설비 설치 및 안전대 착용 / [건설업 연번1863] 2019년 12월경 ○○현장에서 피재자 2명이 통로의 천장판넬을 발판삼아 밟고 판넬위에 서서 전등 및 전선정리 작업중 밟고 있던 판넬이 탈락되면서 판넬과 함께 3.2m 아래 내부 콘크리트 바닥으로 추락하여 부상 / [건설업 연번1863] 요인: 샌드위치 판넬 천장에 서서 전등 및 전선정리 작업 등 근로자들의 하중에 의해 판넬이 탈락하여 바닥으로 추락함 / [건설업 연번1863] 대책: 강도가 약한 마감재로 설치된 천장 작업 시 별도의 작업발판 설치 및 고소작업대 사용 / [건설업 연번1863] 대책: 추락위험이 있는 작업시 안전대 부착설비 설치 및 안전대 착용","SIF 건설업 연번 1731, 1732, 1751, 1777, 1863 · data/processed/1_SIF_건설업.csv",천장|샌드위치 패널|샌드위치 판넬|마감재|배선작업|고소작업대|탈락,hard,"내부 메모: 기인물 천장(판넬 등 마감재). pandas(재해개요에 천장/천정+패널/판넬/마감재+위/상부+작업) 건설업 약 29건(1801, 1803, 1811, 1816, 2136, 2082 등 같은 유형 다수)."
SL_B_4_006,④ 사고원인·재발방지,펌프카 아웃트리거 지반침하,manager,"펌프카로 타설하다가 아웃트리거 쪽 땅이 꺼지면서 붐에 맞는 사고가 나던데, 왜 그런 거고 어떻게 막아야 하나요?","원인: 타설 중 펌프카 아웃트리거 하부 지반이 침하하고 받침목·고임목이 파단되거나 이탈하면서 펌프카가 기울어지고, 이때 붐대가 아래로 내려오면서 붐 끝 호스(엔드호스)를 잡고 타설하던 작업자를 덮치거나 가격하기 때문이다. / 재발방지: ① 타설 전에 지반·지층 상태를 사전조사하고, 필요하면 지반치환·다짐 등으로 지지력을 확보한다. ② 아웃트리거를 안전하게 지지할 수 있는 지반을 선정하고 지반침하 방지를 위한 보강 조치를 철저히 한다. ③ 아웃트리거 접지부에 받침대를 설치해 손상 등에 의한 전도를 막는다. ④ 아웃트리거 받침철물의 유효접지 면적을 충분히 확보한다. ⑤ 차량계 건설기계 사용 시 유도자를 배치해 작업반경 내 근로자의 접근을 통제한다.","[건설업 연번543] 2016년 3월경 ○○현장에서 피재자가 펌프카 붐 끝단부에 붙어 있는 End Hose를 잡고 Con`c 타설 중, 펌프카의 왼쪽 아웃트리거 하부 지반이 침하되며 아웃트리거가 고임목을 이탈하면서 펌프카 붐대가 아래로 처지면서 재해자를 덮쳐 사망 / [건설업 연번543] 요인: 콘크리트 타설 작업 중 펌프카 아웃트리거 하부 지반이 침하되어 펌프카가 기울어지며 펌프카 붐대가 내려가며 깔림 / [건설업 연번543] 대책: 지반·지층 상태 사전조사 및 필요시 지반침하 방지를 위한 지반치환, 다짐 등 지지력 확보 / [건설업 연번543] 대책: 아웃트리거 받침철물의 충분한 유효접지 면적 확보 / [건설업 연번543] 대책: 차량계 건설기계 사용 시 유도자를 배치하여 작업반경 내 근로자 접근 통제 실시 / [건설업 연번558] 2017년 04월경 ○○현장에서 재해자가 콘크리트 펌프카 붐 끝에 달린 호스를 잡고 옹벽(H=2.0m) 기초 콘크리트 타설작업 중 콘크리트 펌프카 전면부 우측의 아웃트리거 하부 지반이 침하되고 고임목이 파손되면서 콘크리트 펌프카가 기울어져 콘크리트 펌프카의 붐에 맞은 후 깔려 사망 / [건설업 연번558] 요인: 콘크리트 타설 작업 중 펌프카 아웃트리거 하부 지반이 침하되어 펌프카가 기울어지며 펌프카 붐대에 깔림 / [건설업 연번558] 대책: 콘크리트 펌프카를 이용한 타설 작업 시 지반·지층 상태 사전조사 및 다짐 등의 방법으로 지지력 확보 / [건설업 연번558] 대책: 콘크리트 펌프카를 이용한 타설 작업 시 아웃트리거 손상 등에 의한 전도방지를 위해 아웃트리거 접지부 받침대 설치 등 실시 / [건설업 연번558] 대책: 차량계 건설기계 사용 시 유도자를 배치하여 작업반경 내 근로자 접근 통제 실시 / [건설업 연번560] 2018년 03월경 ○○현장에서 피재자 2명이 콘크리트 펌프카 붐 끝에 달린 호스를 잡고 116동 지하1층 슬라브 콘크리트 타설작업 중 콘크리트 펌프카 전면부 좌측의 아웃트리거 하부 지반이 침하되고 받침목이 파단되면서 콘크리트 펌프카가 기울어져 콘크리트 펌프카의 붐에 맞은 후 병원으로 후송치료 중 1명 사망, 1명 부상 / [건설업 연번560] 요인: 콘크리트 타설 작업 중 펌프카 아웃트리거 하부 지반이 침하되어 펌프카가 기울어지며 펌프카 붐대가 근로자 가격 / [건설업 연번560] 대책: 콘크리트 펌프카를 이용한 타설 작업 시 지반·지층 상태 사전조사 및 다짐 등의 방법으로 지지력 확보 / [건설업 연번560] 대책: 콘크리트 펌프카를 이용한 타설 작업 시 아웃트리거 손상 등에 의한 전도방지를 위해 아웃트리거 접지부 받침대 설치 등 실시 / [건설업 연번560] 대책: 차량계 건설기계 사용 시 유도자를 배치하여 작업반경 내 근로자 접근 통제 실시 / [건설업 연번573] 2019년 10월경 ○○현장에서 피재자가 콘크리트 펌프카(40ton) 엔드호스를 잡고 매트기초 슬라브 버림 콘크리트 타설작업 중 펌프카 후방 우측 아웃트리거 하부 지반이 침하되면서 펌프카가 기울어져 하강하는 붐(5단)에 맞아 사망 / [건설업 연번573] 요인: 콘크리트 타설 작업 중 펌프카 아웃트리거 하부 지반이 침하되어 펌프카가 기울어지며 펌프카 붐대가 근로자 가격 / [건설업 연번573] 대책: 콘크리트 펌프카를 이용한 타설 작업 시 지반·지층 상태 사전조사 및 다짐 등의 방법으로 지지력 확보 / [건설업 연번573] 대책: 콘크리트 펌프카를 이용한 타설 작업 시 아웃트리거 손상 등에 의한 전도방지를 위해 아웃트리거 접지부 받침대 설치 등 실시 / [건설업 연번573] 대책: 차량계 건설기계 사용 시 유도자를 배치하여 작업반경 내 근로자 접근 통제 실시 / [건설업 연번597] 2022년 6월경 ○○현장에서 피재자가 생산동 기초 버림콘크리트 타설중 펌프카 아웃트리거 설치 지점의 침하로 인해 하강하는 펌프카 붐에 강타당하여 사망 / [건설업 연번597] 요인: 공장 신축공사 현장에서 기초 지반의 버림콘크리트 타설작업 중 펌프카 아웃트리거 설치 지점 지반이 침하하여 펌프카가 기울어지면서 펌프카 붐대가 하강하여 타설 작업하던 재해자를 강타함 / [건설업 연번597] 대책: 펌프카의 아웃트리거를 안전하게 지지할 수 있는 지반 선정 및 지반 침하방지를 위한 보강 조치 철저","SIF 건설업 연번 543, 558, 560, 573, 597 · data/processed/1_SIF_건설업.csv",콘크리트 펌프카|아웃트리거|지반 침하|붐|타설,medium,"내부 메모: 건설업 펌프카 중 아웃트리거 하부 지반 침하로 붐이 하강·전도한 유형은 약 11건(연번 543,550,552,558,560,564,570,573,578,597,603 등). 603은 아웃트리거를 접은 뒤 경사지반에서 밀림이라 부분관련."
SL_B_4_007,④ 사고원인·재발방지,타워크레인 와이어로프 파단 낙하,manager,타워크레인으로 자재 인양하다가 와이어로프가 풀리거나 끊어져서 밑에 있던 사람이 맞는 사고는 왜 나고 어떻게 막나요?,"원인: 타워크레인으로 거푸집 자재, 철근다발, 공구함 등을 인양하던 중 권상 와이어로프가 감속기 고장 등으로 풀리거나 도르래 시브에서 이탈하고, 러핑로프·보조로프나 권상 와이어로프가 파단되고, 권과방지장치 작동불량으로 훅 블록이 과상승하며 로프가 끊어지는 등 장치·부품 이상으로 인양물이나 훅 블록이 낙하해 하부 근로자가 맞기 때문이다. / 재발방지: ① 타워크레인 같은 유해·위험한 기계·기구는 설치 시 안전인증을 받은 후 사용한다. ② 작업 전 감속기 등 기계적 상태를 점검한 뒤 작업한다. ③ 권상용 시브 등 마모·피로가 누적되어 파손될 우려가 있는 부품은 주기적으로 점검하고 이상이 발견되면 즉시 교체한다. ④ 권과방지장치 등 방호장치가 정상적으로 작동하도록 미리 조정한다. ⑤ 보조로프의 결속, 처짐 방지 등 고정방법을 개선하고 로프에 간섭이 생길 수 있는 터미널 블록 받침대 등의 설치를 제한한다. ⑥ 인양 작업 시 근로자 출입을 통제하고, 중량물 하부와 작업반경 내 출입을 금지하며, 인양 화물이 작업자의 머리 위로 통과하지 않도록 한다. ⑦ 낙하 위험 장소에 낙하물방지망을 설치한다.","[건설업 연번3092] 2016년 2월경 ○○현장에서 타워크레인으로 거푸집 제작용 자재 등을 인양하던 중 감속기 고장 등의 원인으로 권상장치의 와이어로프가 모두 풀어져 인양물이 낙하하여 작업자들이 맞아 1명 사망 및 1명 부상 / [건설업 연번3092] 요인: 타워크레인으로 거푸집 제작용 자재 등을 인양하던 중 감속기 고장 등의 원인으로 권상장치의 와이어로프가 모두 풀어지며 인양물이 낙하 / [건설업 연번3092] 대책: 타워크레인 등 유해·위험한 기계·기구를 설치 시 안전인증을 받은 후 사용 / [건설업 연번3092] 대책: 크레인 작업 시 낙하물에 의한 위험방지를 위해 사전에 근로자 출입 통제 / [건설업 연번3092] 대책: 크레인 등을 사용하여 작업 시 작업 전 감속기 등 기계적 상태 점검 실시 후 작업 / [건설업 연번3093] 2016년 4월경 ○○현장에서 타워크레인으로 거푸집 제작용 목재 등을 인양하던 중 도르레 시브에서 와이어로프가 이탈되며 충격으로 인양물이 낙하여 하부의 작업자가 맞아 사망 / [건설업 연번3093] 요인: 타워크레인으로 거푸집 제작용 목재 등을 인양하던 중 도르레 시브에서 와이어로프가 이탈되며 충격으로 인양물이 낙하 / [건설업 연번3093] 대책: 타워크레인 등 유해·위험한 기계·기구를 설치 시 안전인증을 받은 후 사용 / [건설업 연번3093] 대책: 크레인 작업 시 낙하물에 의한 위험방지를 위해 사전에 근로자 출입 통제 / [건설업 연번3093] 대책: 크레인 등을 사용하여 작업 시 작업 전 감속기 등 기계적 상태 점검 실시 후 작업 / [건설업 연번3110] 2020년 2월경 ○○현장에서 타워크레인을 사용하여 철근다발을 인양하던 중 러핑로프 및 보조로프가 파단되면서 철근 낙하하여 하부의 근로자가 맞아 사망 / [건설업 연번3110] 요인: 타워크레인을 사용하여 철근다발을 인양하던 중 러핑로프 및 보조로프가 파단되면서 철근 낙하 / [건설업 연번3110] 대책: 크레인 메인지브 등이 정상적으로 작동되고 장치 기능에 문제가 발생되지 않도록 보조로프에 대한 결속, 처짐 방지 등 고정방법 개선 / [건설업 연번3110] 대책: 로프에 간섭 발생할 수 있는 터미널 블록 받침대 등 설치 제한 / [건설업 연번3110] 대책: 크레인을 사용하여 작업을 하는 경우 근로자의 출입을 통제하여 인양중인 화물이 작업자의 머리 위로 통과하지 않도록 조치 / [건설업 연번3122] 2023년 6월경 ○○현장에서 타워크레인 인상작업을 위한 공구함을 인양하던 중 타워크레인의 권상 와이어로프가 파단되며 낙하하는 공구함에 근로자가 깔려 사망 / [건설업 연번3122] 요인: 타워크레인으로 자재 인양하던 중 타워크레인의 권상 와이어로프가 파단되며 낙하 / [건설업 연번3122] 대책: 권상용 시브 등 지속적 사용으로 마모, 피로가 누적되어 파손될 우려가 있는 부품은 주기적으로 점검, 이상발견 시 즉시 교체 / [건설업 연번3122] 대책: 중량물 하부 및 작업반경내 작업자 출입금지 실시 / [건설업 연번3118] 2021년 6월경 ○○현장에서 무인 타워크레인(2톤)의 권과방지장치 작동불량으로 훅 블록의 과상승되어 와이어로프가 파단되면서 하부에서 철근자재 정리작업중이던 근로자가 낙하한 훅 블록에 맞아 사망 / [건설업 연번3118] 요인: 지상에서 철근자재 정리작업 중 무인 타워크레인(2톤)의 권과방지장치 작동불량으로 훅 블록이 과상승하며 와이어로프가 파단되면서 훅 블록이 낙하 / [건설업 연번3118] 대책: 타워크레인 인양작업 시 권과방지장치 등 방호장치가 정상적으로 작동 할수 있도록 미리 조정 / [건설업 연번3118] 대책: 자재, 공구등이 낙하할 위험 장소에 낙하물방지망 설치 및 작업자 출입금지 실시 / [건설업 연번3118] 대책: 타워크레인 대여시 유해위험방지조치 실시","SIF 건설업 연번 3092, 3093, 3110, 3122, 3118 · data/processed/1_SIF_건설업.csv",타워크레인|와이어로프|파단|인양물 낙하|권과방지장치,hard,"내부 메모: 건설업 타워크레인 중 인양 중 와이어로프·러핑로프 파단/이탈로 인양물·훅 블록이 낙하한 유형은 약 5건. 연번 3119(마스트 서비스트롤리 이탈 낙하), 3092·3093은 감속기 고장/시브 이탈 사례."
SL_B_4_008,④ 사고원인·재발방지,전주 U자걸이 안전대 이탈 추락,worker,"전주 위에서 U자걸이 안전대 걸고 작업하다가 떨어지는 사고가 있던데, 왜 그런 건가요? 어떻게 예방하죠?","원인: 전주 위에서 작업하면서 U자걸이 안전대의 벨트·로프·훅·죔줄이 전주에서 빠지거나 이탈하거나 풀리고, 작업 위치를 바꾸려고 체결을 푼 상태에서 몸의 중심을 잃어 지상 바닥으로 추락하기 때문이다. / 재발방지: ① 추락 위험이 있는 전주작업은 차량탑재형 고소작업대나 활선버켓차 등을 이용한 작업방법을 우선 고려한다. ② 작업 전 안전대 부착설비에 체결하기 위한 보조훅과 보조죔줄을 지급하고 착용상태를 관리한다. ③ 전주를 오르내릴 때도 안전대 체결 상태를 유지하고, 승강설비(작업발판 볼트)의 이상 유무를 작업 전 기능점검으로 확인하며, 승하강용 개인보호구의 사용법을 지킨다. ④ 작업조건에 맞는 안전모·안전대 등 보호구를 지급해 착용하고 관리감독자가 착용 상태를 점검한다.","[건설업 연번1737] 2016년 8월경 ○○현장에서 재해자가 전주에 올라 안전벨트를 전주에 걸고 스텝볼트를 밟으면서 광케이블 고정작업중 U자걸이용 안전벨트가 탈락 되면서 지상으로 떨어져(H=6.4m) 사망 / [건설업 연번1737] 요인: 전기 설비작업을 위해 전신주에 올라 이동중 몸의 중심을 잃고 추락 / [건설업 연번1737] 대책: 추락 위험이 있는 전주작업 시, 고소작업대(차량탑재형), 활선버켓차 등을 이용한 작업방법 우선 고려 / [건설업 연번1737] 대책: 작업 전 안전대 부착설비의 안전대 체결을 위한 보조훅, 보조죔줄 지급 및 착용상태 관리 / [건설업 연번1733] 2016년 4월경 ○○현장에서 재해자가 전기 인입선 공사를 하기위하여 전신주 위에서 배전선로와 가공선로(인입선) 연결작업 수행중 작업용 로프(U자걸이)가 전신주와 이탈되면서 지상으로 떨어져(h≒6.1m) 사망 / [건설업 연번1733] 요인: 전기 인입선 공사를 위해 전신주에 올라 작업중 U자걸이 로프가 전신주와 이탈하며 추락 / [건설업 연번1733] 대책: 추락 위험이 있는 전주작업 시, 고소작업대(차량탑재형), 활선버켓차 등을 이용한 작업방법 우선 고려 / [건설업 연번1733] 대책: 작업 전 안전대 부착설비의 안전대 체결을 위한 보조훅, 보조죔줄 지급 및 착용상태 관리 / [건설업 연번1809] 2021년 08월경 ○○현장에서 피재자가 전주 위로 올라가 활선상태에서 배전선(220V)과 인입선(220V) 연결 작업을 하려던 중 U형 안전대 훅이 풀려 6.1m아래 바닥으로 추락하여 사망 / [건설업 연번1809] 요인: 전주 위로 올라가 활선상태에서 배전선(220V)과 인입선(220V) 연결 작업을 하려던 중 U형 안전대 훅이 풀려 추락 / [건설업 연번1809] 대책: 추락 위험이 있는 전주작업 시, 고소작업대(차량탑재형), 활선버켓차 등을 이용한 작업방법 우선 고려 / [건설업 연번1809] 대책: 작업 전 기능점검을 통한 승강설비(작업발판 볼트)의 이상 유무 확인 / [건설업 연번1809] 대책: 전주 승하강시 안전대 체결 상태 유지 / [건설업 연번1809] 대책: 전주 승하강용 개인보호구의 사용법 준수 / [건설업 연번1949] 2022년 02월경 ○○현장에서 피재자가 높이 7m의 전주에 올라가 전선의 설치작업을 위해 U자 걸이용 안전대의 죔줄을 전주에 둘러 허리에 체결한 후 작업 자세를 잡던 중 안전대 죔줄이 풀리면서 바닥(H≒7m)으로 떨어져 사망 / [건설업 연번1949] 요인: 건물로 인입되는 전선을 설치하기 위해 전주에 올라가 U자 걸이용 안전대를 전주에 둘러 체결한 후 작업 자세를 잡던 중, 안전대 죔줄이 풀리면서 바닥으로 떨어짐 / [건설업 연번1949] 대책: 작업조건에 맞는 안전모, 안전대 등 안전보호구 지급 및 착용 / [건설업 연번1949] 대책: 근로자의 보호구 착용 상태를 점검하는 등 관리감독자 업무 철저 / [건설업 연번1820] 2021년 6월경 ○○현장에서 피재자가 전주 위에서 사선상태의 전선에 테이핑 작업을 하던 중 작업위치 변경을 위해 체결하고 있던 U자 걸이 안전대를 푼 상태에서 중심을 잃고 콘크리트 바닥(H≒6m)으로 떨어져 사망 / [건설업 연번1820] 요인: 전주 위에서 사선상태의 전선에 테이핑 작업을 하던 중 중심을 잃고 추락 / [건설업 연번1820] 대책: 추락 위험이 있는 전주작업 시, 고소작업대(차량탑재형), 활선버켓차 등을 이용한 작업방법 우선 고려 / [건설업 연번1820] 대책: 작업 전 기능점검을 통한 승강설비(작업발판 볼트)의 이상 유무 확인 / [건설업 연번1820] 대책: 전주 승하강시 안전대 체결 상태 유지 / [건설업 연번1820] 대책: 전주 승하강용 개인보호구의 사용법 준수","SIF 건설업 연번 1737, 1733, 1809, 1949, 1820 · data/processed/1_SIF_건설업.csv",전주|U자걸이|안전대|죔줄|추락,medium,"내부 메모: 건설업 전주·철탑 중 전주 위 U자걸이 안전대 탈락·이탈·풀림·해제 후 추락 유형은 약 9건 이상(연번 1733,1735,1737,1753,1760,1809,1820,1949 등). 연번 2768은 철탑 철거 중 U자걸이 안전대 이탈이라 다른 상황."
SL_B_4_009,④ 사고원인·재발방지,철골자재 트레일러 하역 중 낙하,manager,"트레일러에 실린 철골 기둥이나 H형강을 내리거나 올리다가 철골이 떨어지고 넘어져서 사람이 깔리는 사고는 왜 나고, 어떻게 막나요?","원인: 트레일러·화물차 적재함의 철골부재를 크레인이나 지게차로 양중하거나 고정한 체인블록을 푸는 순간, 단부에 있던 부재나 맞닿은 부재가 넘어지고 무게중심을 잃거나 줄걸이에서 빠져 적재함 밖으로 떨어지면서, 적재함 위의 작업자나 주변에 서 있던 사람이 부재와 함께 떨어지거나 깔리기 때문이다. / 재발방지: ① 하역·상차 작업 전에 화물이 넘어지거나 떨어질 위험이 없는지 확인하고, 작업방법과 낙하위험 예방대책을 포함한 하역 작업계획서를 작성해 그 계획대로 작업하도록 지도·감독하며 작업지휘자를 배치한다. ② 하역 중 체인블록으로 고정하는 등 넘어짐 방지조치를 한다. ③ 적재된 철골부재는 단부에서 떨어진 곳에 적재하고 낙하방망을 설치한다. ④ 하역 구간과 이동경로에 통제구역을 설정해 근로자 출입을 통제하고 안전통로를 설치하며 신호 업무를 철저히 한다. ⑤ 지급된 개인보호구를 착용한 후 작업한다.","[건설업 연번645] 2016년 12월경 ○○현장에서 피재자가 외부에서 반입된 철골부재를 당 현장 지상1층 바닥으로 하차작업 하던 중, 화물차 적재함에 적대된 철골부재(H-350×175×7×11, L≒7.3m, 362kg)가 지상1층 바닥으로 낙하, 화물차 주변에 서있던 피재자가 맞으며 사망 / [건설업 연번645] 요인: 철골부재를 바닥으로 하차작업 하던 중 화물차 적재함에 적재된 중앙부의 철골부재를 인양하는 순간 단부에 적재된 철골부재 바닥으로 낙하 / [건설업 연번645] 대책: 차량계 하역운반기계 등을 사용하여 작업 시 근로자 접촉방지를 위해 이동경로에 대해 출입 통제 및 안전통로 설치 / [건설업 연번645] 대책: 적재된 철골부재 등의 낙하방지를 위해 단부에서 떨어진 곳에 적재 및 낙하방망 설치 / [건설업 연번657] 2019년 11월경 ○○현장에서 재해자가 츄레라에 적재된 철재기둥(Φ508, L=7.5m, , 2.02Ton) 에 올라가 하역 준비를 하던 중 츄레라 기사가 체인블럭을 푸는 순간 철재기둥이 무게중심을 잃고 츄레라 단부에서 철재기둥과 재해자가 바닥으로 떨어진 후(H=1.54m) 철재기둥이 굴러 재해자의 안면을 덮쳐 사망 / [건설업 연번657] 요인: 트레일러에 적재된 철재기둥에 올라가 하역 준비를 하던 중 고정된 체인블럭을 해체하는 순간 철재기둥이 무게 중심을 잃고 무너져 근로자와 함께 낙하 / [건설업 연번657] 대책: 철재기둥의 하역 작업 시 안전조치 후 작업 실시 / [건설업 연번657] 대책: 하역 작업계획서 작성 및 작업지휘자 배치 / [건설업 연번657] 대책: 지급된 개인보후구 착용 후 작업 실시 / [건설업 연번658] 2022년 7월경 ○○현장에서 지게차를 이용하여 트레일러에 적재된 철골 자재를 하역하던 중 적재되어 있던 철골 자재가 낙하 하면서 주변에 있던 트레일러 운전원이 철골에 깔려 사망 / [건설업 연번658] 요인: 물류창고 신축공사 현장에서 지게차를 이용하여 트레일러에 적재된 철골 자재를 하역하던 중 트레일러에 적재되어 있던 철골 자재가 넘어져 적재함 밖으로 떨어지면서 적재함 주변에 있던 트레일러 운전원이 철골에 깔림 / [건설업 연번658] 대책: 화물을 싣거나 내리는 작업 시 화물이 넘어지거나 떨어질 위험이 없음을 확인하여 적절한 작업 계획을 수립하고, 그 계획에 따라 작업을 하도록 지도·감독 실시 / [건설업 연번658] 대책: 화물 하역 구간에 통제구역 설정 및 근로자 출입 통제, 신호 업무 철저 / [건설업 연번660] 2023년 8월경 ○○현장에서 피재자가 화물자동차 트레일러 위에서 이동식 크레인을 사용하여 H형강을 하역 하던 중, 화물자동차 단부에 있던 H형강①을 양중하자, 맞닿아 있던 H형강②가 넘어지고 H형강② 위에 있던 재해자도 함께 바닥으로 떨어지면서 재해자가 H형강②에 깔려 사망 / [건설업 연번660] 요인: 화물자동차 트레일러 위에서 이동식 크레인을 사용하여 H형강을 하역 하던 중, 화물자동차 단부에 있던 H형강이 떨어지며 깔림 / [건설업 연번660] 대책: 철골부재 하역작업 중 체인블록으로 고정하는 등 넘어짐 방지조치 실시 / [건설업 연번660] 대책: 차량계 하역운반기계 등을 사용하여 작업 시 근로자 접촉방지를 위해 출입 통제 및 안전통로 설치 / [건설업 연번660] 대책: 적재된 철골부재 등의 낙하방지를 위해 단부에서 떨어진 곳에 적재 / [건설업 연번2881] 2022년 2월경 ○○현장에서 해체된 철골 부재 반출을 위해 트레일러 적재함 위에서 상차작업을 진행하던 재해재가 양중하던 철골 부재가 줄걸이로부터 탈락하면서 해당 철골부재와 함께 지상 바닥으로 떨어지며 철골 부재에 깔려 사망 / [건설업 연번2881] 요인: 아파트 모델하우스 철거공사 현장에서 해체된 철골 부재를 반출하기 위해 트레일러 적재함 위에서 상차(上車)작업을 진행하던 재해재가 양중하던 철골 부재가 줄걸이로부터 탈락하면서 해당 철골부재와 함께 지상 바닥으로 떨어지고, 신체가 철골 부재에 깔림 / [건설업 연번2881] 대책: 중량물 취급 작업 시 작업방법 및 중량물의 낙하위험을 예방할 수 있는 안전대책 등을 포함한 작업 계획을 수립하고, 그 계획에 따라 작업을 하도록 지도·감독 실시 / [건설업 연번2881] 대책: 중량물 취급 작업 구간에 통제구역 설정 및 근로자 출입 통제, 신호 업무 철저","SIF 건설업 연번 645, 657, 658, 660, 2881 · data/processed/1_SIF_건설업.csv",철골자재|트레일러|하역|H형강|낙하,medium,"내부 메모: 건설업 철골자재 중 트레일러·화물차 적재함 철골 하역·상차 중 낙하·전도 유형은 약 5건(연번 645,657,658,660,2881). 연번 641은 철골자재를 실은 트레일러 적재함에 탑승해 이동 중 낙하라 부분관련."
SL_B_4_010,④ 사고원인·재발방지,항타기 해체·정비 중 끼임·낙하,manager,"항타기를 해체하거나 정비·반출하다가 끼이거나 깔리는 사고가 나던데, 왜 그런 거고 어떻게 막나요?","원인: 항타기를 점검·정비·해체·반출하는 중에 장비가 움직이거나 부재가 낙하하는 위험 범위 안에 사람이 있어서, 운전원이 리더를 들어 와이어로프가 드럼에 감기는 순간 드럼 사이에 끼이고, 볼트를 풀자 연결부가 꺾이며 리더가 낙하하고, 승강용 트랩 용접부가 파단되어 리더가 떨어지고, 스크류 모터와 케이싱 모터를 내리다 그 사이에 끼이기 때문이다. / 재발방지: ① 항타기 점검·정비, 조립·해체 작업 시 사용 매뉴얼을 준수하고 작업 순서에 따른 안전조치를 한 뒤 작업한다. ② 점검·정비 작업 시 기계의 운전을 정지하고 작업지휘자를 배치하며, 경험이 있는 숙련공이 작업한다. ③ 해체 작업 시 위험작업 반경 내 출입을 금지하고 유도자를 배치하며, 크레인 작업 시 근로자 출입을 통제하고 인양 중인 화물이 근로자의 머리 위를 통과하지 않도록 한다. ④ 크레인으로 리더를 운반할 때 승강용 트랩 등 취약한 지점에 훅을 걸지 않도록 작업방법을 개선한다. ⑤ 파일 항타 전 부속품에 손상, 마모, 변형, 부식이 없는지 확인하는 정기점검을 한다. ⑥ 장비 해체 작업계획서를 작성해 작업자와 공유한 뒤 작업하고, 스크류 모터 하방에 감시카메라를 부착·운영하며, 안전지주나 안전블럭을 설치해 케이싱 모터의 불시 하강을 막는다.","[건설업 연번132] 2019년 03월경 ○○현장에서 재해자가 항타기 상부에 위치한 상부 굴진기 컨트롤박스의 전원케이블을 해체하던 중, 항타기 운전원이 항타기 붐대를 작동시켜 와이어로프가 드럼에 감기는 순간 드럼과 와이어로프 사이에 오른쪽 다리가 끼면서 절단되어 병원치료 중 사망 / [건설업 연번132] 요인: 와이어로프 드럼을 밟고 발전기 해체작업 중 항타기 리더를 들어올려 와이어로프가 드럼에 감기는 순간 드럼과 와이어로프 사이에 끼임 / [건설업 연번132] 대책: 항타기 해체작업 시 위험작업 반경내 출입금지 및 유도자 배치 / [건설업 연번132] 대책: 항타기 점검·정비 작업 시 작업지휘자 배치 및 경험이 있는 숙련공이 작업 진행 / [건설업 연번132] 대책: 항타기 해체 작업 시 사용메뉴얼 준수 / [건설업 연번136] 2021년 2월경 ○○현장에서 재해자가 항타기의 와이어 드럼 점검·정비 등 작업 중 항타기 운전기사가 항타기 리더를 들어올려 와이어로프가 드럼에 감기는 순간 드럼과 와이어로프 사이에 재해자가 끼어 사망 / [건설업 연번136] 요인: 항타기 조립작업 중 항타기 리더를 들어올려 와이어로프가 드럼에 감기는 순간 항타기 상부에 있던 작업자가 드럼과 와이어로프 사이에 끼임 / [건설업 연번136] 대책: 항타기 점검·정비 작업 시 사용메뉴얼 준수 / [건설업 연번136] 대책: 작업 순서에 따른 안전조치 실시 후 작업 / [건설업 연번136] 대책: 항타기 점검·정비 작업 시 기계의 운전을 정지 및 작업지휘자 배치 / [건설업 연번138] 2021년 03월경 ○○현장에서, 흙막이 말뚝삽입에 사용한 항타기를 해체·반출하기 위해 연결부(리더) 하부에서 볼트를 풀던 중, 연결부가 꺾이면서 낙하하는 리더에 깔려 사망 / [건설업 연번138] 요인: 항타기를 해체·반출하기 위해 연결부 하부에서 볼트를 풀던 중 연결부가 꺾이면서 낙하하는 리더에 깔림 / [건설업 연번138] 대책: 파일 항타 전 부속품에 손상, 마모, 변형, 부식이 없는 것을 사용하며, 이상유무를 확인하는 등 정기점검 실시 / [건설업 연번138] 대책: 차량계 건설기계(항타기 등)의 수리 또는 장착 및 제거 작업 시 작업지휘자 배치 / [건설업 연번138] 대책: 항타기 조립·해체 작업 시 사용메뉴얼 준수 / [건설업 연번133] 2019년 06월경 ○○ 현장에서 기 반입된 항타기 리더를 야적장으로 반출하기 위한 작업 중 항타기 리더(Leader)의 승강용 트랩에 카고크레인(5 t)의 보조훅을 걸고 운반하던 중 승강용트랩의 용접부위가 파단되면서 리더가 떨어져(H ≒ 3m) 피재자의 가슴부위를 타격하여 사망 / [건설업 연번133] 요인: 항타기 반출을 위해 항타기 리더의 승강용 트랩에 카고크레인의 보조훅을 걸고 운반하던 중 승강용트랩의 용접부위가 파단되면서 리더가 떨어져 맞음 / [건설업 연번133] 대책: 크레인 작업 시 승강용 트랩 등 취약한 지점에 훅을 걸지 않도록 작업 방법 개선 / [건설업 연번133] 대책: 크레인 작업 시 근로자의 출입 통제 및 인양중인 화물이 근로자의 머리 위를 통과하지 않게 작업 수행 / [건설업 연번133] 대책: 항타기 운반 작업 시 사용메뉴얼 준수 / [건설업 연번118] 2016년 02월경 ○○현장에서 재해자가 항타기의 최상단 스크류[안테나 스크류, 1단 스크류)]를 해체하기 위해 케이싱 모터 상부에서 스크류 연결핀을 해체 후, 들려있던 스크류 모터와 케이싱 모터를 동시에 지면으로 내리던 중 케이싱 모터 상부에 있던 재해자가 스크류 모터와 케이싱 모터 사이에 끼여 사망 / [건설업 연번118] 요인: 항타기의 스크류를 해체하기 위해 케이싱 모터 상부에서 스크류 연결핀을 해체 후 들려있던 스크류 모터와 케이싱 모터를 동시에 지면으로 내리던 중 케이싱 모터 상부에 있던 재해자가 스크류 모터와 케이싱 모터 사이에 끼임 / [건설업 연번118] 대책: 장비 해체 작업계획서 작성후 관련 내용 작업자 공유후 작업 실시 / [건설업 연번118] 대책: 끼임 위험지역에의 근로자 이동여부 확인을 위한 스크류 모터 부위 하방에 감시카메라 부착, 운영 등 안전대책 실시 / [건설업 연번118] 대책: 안전지주, 안전블럭 설치를 통한 케이싱 모터의 불시 하강에 따른 위험 방지","SIF 건설업 연번 132, 136, 138, 133, 118 · data/processed/1_SIF_건설업.csv",항타기|해체|와이어로프 드럼|리더|작업지휘자,hard,"내부 메모: 건설업 천공기/항타기 중 해체·조립·점검·정비·반출 작업 중 끼임·낙하 유형은 약 10건 안팎(연번 118,119,128,130,132,133,136,138,139,157 등 일부 다른 유형 포함). 연번 119(리더 받침대 전도), 130(스크류 회전 타격)은 부분관련."
SL_B_4_011,④ 사고원인·재발방지,터널 막장 부석·낙반,manager,"터널 막장면에서 측량이나 장약, 부석 정리 작업을 하다가 암석이 떨어져 사고 나는 이유가 뭐고, 어떻게 막아야 하나요?","원인: 터널 막장면에서 측량 마킹, 장약, 부석제거 작업을 하는 동안 막장면이나 천단부의 암석·부석이 떨어지거나 무너져 근로자가 맞거나 매몰되었다. 떨어질 암석의 상태를 확인하고 막장면을 보강하는 조치가 갖춰지지 않은 상태에서 막장면에서 작업하는 것이 문제였다. / 재발방지: ① 낙반 부위의 절리상태와 낙반 위치를 확인하여 떨어질 암석의 상태를 파악하게 한다. ② 터널용 고소작업차(차징카)를 사용하는 등 작업방법을 변경하고, 작업대에 헤드가드 및 전면가드를 설치하여 낙반을 막는다. ③ 낙반 우려 시 부석을 제거하고 막장면에 숏크리트를 타설하거나 굴착공법을 변경하는 등 위험 방지 조치를 한다. 인력으로 부석을 제거할 때는 암반의 상태와 특성에 맞는 제거방법을 선정한다. ④ 기계굴착 및 천공작업으로 막장면에 충격이 가해질 경우 막장면 숏크리트 등의 보강대책을 적용한다. ⑤ 터널 지보공 설치 시 숏크리트 타설방법과 두께를 관리하고 록볼트 정착재가 알맞게 충진되었는지 확인한다. ⑥ 터널 굴착작업 시 주변 지질 및 지층의 상태를 사전조사한다.","[건설업 연번2394] 2016년 4월경 ○○현장에서 피재자가 터널 막장 측량 마킹작업을 하던 중 막장면에서 암석이 떨어지면서 피재자를 강타하여 사망 / [건설업 연번2394] 요인: 막장면에서 막장 측량 마킹작업 중 암석이 떨어지면서 근로자를 강타 / [건설업 연번2394] 대책: 낙반부위의 절리상태 및 낙반위치 확인하여 떨어질 암석의 상태 파악 / [건설업 연번2394] 대책: 터널용 고소작업차(차징카)를 사용하는 등 작업방법을 변경하고 헤드가드 및 전면가드 등을 설치하여 낙반 방지조치 실시 / [건설업 연번2394] 대책: 낙반 등에 의한 피해 우려시 부석의 제거, 막장면 숏크리트 타설, 굴착공법 변경 등 위험 방지 조치 실시 / [건설업 연번2396] 2021년 04월경 ○○현장에서 피재자가 터널 막장면 장약 작업 중, 막장면*(높이≒4.0m)에서 떨어진 부석**(크기≒0.034㎥, 중량≒82kg)에 맞아 사망 / [건설업 연번2396] 요인: 막장면 장약 작업 중, 막장면에서 떨어진 부석에 맞음 / [건설업 연번2396] 대책: 낙반부위의 절리상태 및 낙반위치 확인하여 떨어질 암석의 상태 파악 / [건설업 연번2396] 대책: 터널용 고소작업차(차징카)를 사용하는 등 작업방법을 변경하고 헤드가드 및 전면가드 등을 설치하여 낙반 방지조치 실시 / [건설업 연번2396] 대책: 낙반 등에 의한 피해 우려시 부석의 제거, 막장면 숏크리트 타설, 굴착공법 변경 등 위험 방지 조치 실시 / [건설업 연번2399] 2018년 11월경 피재자가 터널용 고소작업차(차징카) 작업대에 탑승하여 부석제거작업 중 떨어지는 암석에 안면(턱) 부위를 맞아 사망 / [건설업 연번2399] 요인: 터널용 고소작업차(차징카) 작업대에 탑승하여 부석제거작업 중 떨어지는 암석에 맞음 / [건설업 연번2399] 대책: 막장면에서 인력으로 부석제거 작업 시 막장면의 암반의 상태, 특성에 적합한 제거방법을 선정 / [건설업 연번2399] 대책: 터널용 고소작업차(차징카) 작업대에 헤드가드 및 전면가드 설치하여 낙반 사고 방지 / [건설업 연번2399] 대책: 기계굴착 및 천공작업으로 막장면에 충격이 가해질 경우 막장면 숏크리트 등의 보강대책 적용 / [건설업 연번2400] 2020년 11월경 ○○현장에서, 재해자는 막장면에서 굴삭기와 함께 부석 정리 작업 중 천단부 부석 (약16㎥)이 무너져 매몰되어 사망 / [건설업 연번2400] 요인: 막장면에서 굴착기와 함께 부석 정리 작업 중 천단부 부석이 무너져 매몰 / [건설업 연번2400] 대책: 터널 지보공 설치작업 시 숏크리트 타설방법 및 두께 관리 / [건설업 연번2400] 대책: 록볼트 정착재의 적절한 충진여부 확인 / [건설업 연번2400] 대책: 기계굴착 및 천공작업으로 막장면에 충격이 가해질 경우 막장면 숏크리트 등의 보강대책 적용 / [건설업 연번2400] 대책: 터널 굴착작업 시 주변 지질 및 지층의 상태 사전조사 실시 / [건설업 연번2401] 2020년 04월경 ○○현장에서 터널 발파 후 굴착기로 막장면 부석정리 중 발파막장(N)과 후방막장(N+1, STA. 25+211.1)의 천단부(높이≒7m)에서 쐐기형태 낙반(무게≒30톤)이 굴착기 운전석으로 떨어져 굴착기에 탑승 중인 재해자가 사망 / [건설업 연번2401] 요인: 굴착기로 막장면 부석정리 중 발파막장과 후방막장의 천단부에서 쐐기형태 낙반이 굴착기 운전석으로 떨어짐 / [건설업 연번2401] 대책: 터널 지보공 설치작업 시 숏크리트 타설방법 및 두께 관리 / [건설업 연번2401] 대책: 록볼트 정착재의 적절한 충진여부 확인 / [건설업 연번2401] 대책: 기계굴착 및 천공작업으로 막장면에 충격이 가해질 경우 막장면 숏크리트 등의 보강대책 적용 / [건설업 연번2401] 대책: 터널 굴착작업 시 주변 지질 및 지층의 상태 사전조사 실시","SIF 건설업 연번 2394, 2396, 2399, 2400, 2401 · data/processed/1_SIF_건설업.csv",터널|막장|부석|낙반|숏크리트,hard,"내부 메모: 기인물 암석(건설업). pandas(건설업 암석 + 막장) 약 5건(2394,2396,2400,2401,2408). 연번2408(실링 숏크리트 후 반발재 수거용 바닥막 설치 중 부석 낙하)은 같은 유형 추가 후보."
SL_B_4_012,④ 사고원인·재발방지,건설장비 후진 협착,manager,"불도저나 스키드로더, 노면파쇄기 같은 장비가 후진하다가 옆에서 일하던 사람이 깔리거나 부딪히는 사고는 왜 나고, 어떻게 막나요?","원인: 후진하는 건설장비의 운행 경로 가까이에서 작업지휘, 덤프트럭 유도, 라바콘 설치 같은 일을 하던 근로자가 장비 궤도나 바퀴에 깔리거나 장비에 충돌하였다. 장비 운행 경로와 근로자 이동 경로가 분리되지 않고 사각지대 접근이 통제되지 않는 것이 원인이었다. / 재발방지: ① 차량계 건설기계 운행 경로와 별도로 작업자들이 이동할 수 있는 안전통로를 확보한다. ② 건설기계에 근접하여 작업할 때는 충분한 안전거리를 확보하고 유도자를 배치한다. ③ 차량계 건설기계와 접촉할 수 있는 장소나 사각지대가 생기기 쉬운 건설기계를 쓸 때는 근로자 출입을 금지한다. ④ 장비에 카메라를 달거나 후방에 근로자의 접근을 알리는 후방센서, 경보장치 등을 부착한다. ⑤ 충돌 위험이 있으면 작업반경 내 근로자 출입을 금지한다.","[건설업 연번170] 2018년 09월경 ○○현장에서, 피재자가 지반 정지작업용 불도저의 작업지휘 업무를 수행 하던 중, 후진하던 불도저(20.6Ton) 궤도에 충돌/협착 되어 사망 / [건설업 연번170] 요인: 지반 정지작업용 불도저의 작업지휘 업무를 수행 하던 중, 후진하던 불도저에 깔림 / [건설업 연번170] 대책: 차량계 건설기계 운행 경로와 별도로 작업자들이 이동할 수 있는 안전통로 확보 / [건설업 연번170] 대책: 건설장비 작업시 충돌위험이 있는 경우 작업반경내 근로자 출입금지 및 유도자 배치 / [건설업 연번170] 대책: 카메라 부착 또는 후방에 근로자의 접근을 알리는 후방센서, 경보장치 등 부착 / [건설업 연번188] 2021년 08월경 ○○현장에서 피재자가 재하성토구간(중로1-116)의 불도저 후면에서 덤프트럭 유도작업을 하던 중 후진하는 불도저의 오른쪽 궤도에 깔려 병원으로 이송하였으나 사망 / [건설업 연번188] 요인: 매립장 현장에서 불도저 후면에서 덤프트럭 유도작업을 하던 중 후진하는 불도저에 깔림 / [건설업 연번188] 대책: 차량계 건설기계 운행 경로와 별도로 작업자들이 이동할 수 있는 안전통로 확보 / [건설업 연번188] 대책: 건설기계에 근접하여 작업을 수행하는 경우 충분한 안전거리를 확보하고 유도자를 배치 / [건설업 연번188] 대책: 차량계 건설기계 접촉 가능 장소 및 사각지대 발생가능성이 높은 건설기계 사용 시 근로자 출입금지 / [건설업 연번188] 대책: 카메라 부착 또는 후방에 근로자의 접근을 알리는 후방센서, 경보장치 등 부착 / [건설업 연번2305] 2020년 5월경 ○○현장에서 피재자가 후진으로 작업 중인 스키드-로더(Skid Steer Loader) 바퀴에 깔려 사망 / [건설업 연번2305] 요인: 도로 확포장공사 현장에서 후진으로 작업 중인 스키드-로더(Skid Steer Loader) 바퀴에 깔림 / [건설업 연번2305] 대책: 차량계 건설기계 운행 경로와 별도로 작업자들이 이동할 수 있는 안전통로 확보 / [건설업 연번2305] 대책: 건설기계에 근접하여 작업을 수행하는 경우 충분한 안전거리를 확보하고 유도자를 배치 / [건설업 연번2305] 대책: 차량계 건설기계 접촉 가능 장소 및 사각지대 발생가능성이 높은 건설기계 사용 시 근로자 출입금지 / [건설업 연번2305] 대책: 카메라 부착 또는 후방에 근로자의 접근을 알리는 후방센서, 경보장치 등 부착 / [건설업 연번2312] 2023년 7월경 ○○현장에서 파손된 도로를 보수하는 작업 중 차량통제를 위해 동료 근로자 1인과 라바콘을 설치하던 재해자가 후진하던 노면파쇄기(26.85t)에 충돌하여 사망 / [건설업 연번2312] 요인: 차량통제를 위해 라바콘을 설치하던 중 후진하던 노면파쇄기에 충돌 / [건설업 연번2312] 대책: 차량계 건설기계 운행 경로와 별도로 작업자들이 이동할 수 있는 안전통로 확보 / [건설업 연번2312] 대책: 건설기계에 근접하여 작업을 수행하는 경우 충분한 안전거리를 확보하고 유도자를 배치 / [건설업 연번2312] 대책: 차량계 건설기계 접촉 가능 장소 및 사각지대 발생가능성이 높은 건설기계 사용 시 근로자 출입금지 / [건설업 연번2312] 대책: 카메라 부착 또는 후방에 근로자의 접근을 알리는 후방센서, 경보장치 등 부착","SIF 건설업 연번 170, 188, 2305, 2312 · data/processed/1_SIF_건설업.csv",후진|불도저|스키드로더|노면파쇄기|유도자,medium,"내부 메모: 기인물 기타 건설장비. pandas(건설업 재해개요에 후진 + 불도저/스키드/파쇄기/로더) 약 8건(2307,2311,2343,2351 등 같은 유형 추가 후보 포함). 연번8(불도저 경사지 전복)·2531(스키드로더 전도)은 후진 협착이 아니라 부분관련 후보."
SL_B_4_013,④ 사고원인·재발방지,세워둔 자재 전도,worker,"합판이나 석재, 판유리 같은 자재를 세워 놓았다가 넘어져서 깔리는 사고는 왜 나고, 어떻게 막나요?","원인: 계단참이나 외부비계 기둥에 기대어 세워 둔 합판·석재패널(판넬)·판유리가, 자재를 꺼내거나 다시 세우거나 밀착시키는 작업 중, 또는 적재대에 창호를 적재하던 중 갑자기 넘어져 작업자를 덮치거나 충격을 주었다. 세워 둔 자재의 전도를 막는 조치 없이 무거운 자재를 쌓거나 다루는 것이 원인이었다. / 재발방지: ① 자재는 낙하 위험이 없는 구간에 눕혀서 적재하고, 세워서 적재할 경우 지지대를 설치하는 등 전도 방지 조치를 한다. ② 제품, 자재 등이 넘어지지 않도록 붙들어 지탱하는 등 안전조치를 하고 중량물 취급 작업계획을 수립한다. ③ 석재 패널 같은 무거운 자재를 골조나 외부비계 기둥 등에 기대어 적재할 때는 소량으로 나누어 여러 개소에 적재한다. ④ 무거운 자재를 인력으로 옮길 때는 단독작업을 금지하도록 교육한다. ⑤ 판유리 등 무거운 자재를 화물차에 적재할 때는 전용 적재대를 사용하는 등 전도방지조치를 하고, 2인1조로 상하차하며 화물차를 경사면이 아닌 평탄한 지면에 둔다.","[건설업 연번1361] 2016년 09월경 ○○현장에 피재자가 합판 운반 작업 중 2~3층 계단참에 적재한 합판이 전도되면서 계단을 내려가는 재해자를 덮쳐 바닥으로 넘어져 사망 / [건설업 연번1361] 요인: 인테리어 공사 현장에서 계단참에 기울여 세워둔 자재(합판)가 작업충격 등에 의해 전도되면서 계단을 내려가던 재해자가 맞음 / [건설업 연번1361] 대책: 자재 적재 시 낙하 위험이 없는 구간에 눕혀서 적재하도록 하고, 만약 세워서 적재할 경우 지지대 설치 등 전도 방지 조치 실시 / [건설업 연번1361] 대책: 작업자의 개인보호구 착용상태 점검 및 관리감독 / [건설업 연번1372] 2023년 04월경 ○○현장에서 사용할 가구제작을 위해 필요한 자재를 꺼내기 위해 합판을 받치고 있던 재해자가 넘어지는 합판에 깔려 사망 / [건설업 연번1372] 요인: 벽면에 세워둔 합판을 꺼낸 후 다시 합판을 세우는 과장에서 합판이 넘어져 깔림 / [건설업 연번1372] 대책: 제품, 자재 등이 넘어지지 않도록 붙들어 지탱하는 등 안전조치 실시 / [건설업 연번1372] 대책: 중량물 취급 작업계획 수립 / [건설업 연번1057] 2017년 07월경 ○○현장에서 피재자가 지상2층 외벽마감용 석재판넬 운반작업을 진행하는 과정에서 지상1층 외부비계기둥에 기대어 세워진 석재판넬의 안쪽 9번째 판넬을 꺼내기 위해 나머지 8장의 석재판넬을 피재자 몸쪽으로 당겨 세우던 중 갑자기 석재판넬 8장이 피재자가 서 있는 방향으로 전도되면서 피재자가 석재판넬 8장(583.2kg)에 깔려 사망 / [건설업 연번1057] 요인: 외부비계기둥에 기대어 세워진 석재판넬을 꺼내기 위해 석재판넬을 몸쪽으로 당겨 세우던 중 갑자기 석재판넬이 넘어지며 깔림 / [건설업 연번1057] 대책: 석재 판넬 등과 같은 무거운 자재를 인력으로 옮기는 경우, 단독작업을 금지하도록 현장 내 작업자들에게 교육 실시 / [건설업 연번1057] 대책: 석재 판넬 등과 같은 무거운 자재를 골조, 외부비계 기둥 등에 기대어 적재하는 경우, 자재를 소량으로 나누어 여러 개소에 적재하도록 조치 / [건설업 연번1299] 2016년 1월경 ○○현장에서 재해자는 동료작업자 2명과 함께 복층유리를 창틀에 조립하여 완료된 창호를 A형 적재대에 적재하다가 창호가 넘어지려고 하자 이를 피하려다가 넘어지는 창호에 충격을 받아 쓰러지면서 바닥에 머리를 부딪쳐 사망 / [건설업 연번1299] 요인: 창틀에 조립 된 창호를 적재하던 중 적재대를 거치한 바닥면의 기울기 등으로 적재대가 기울면서 전도되에 깔림 / [건설업 연번1299] 대책: 판유리 등과 같은 무거운 자재를 화물차에 적재할 시, 전용 적재대 사용 등의 전도방지조치 철저 / [건설업 연번1299] 대책: 판유리 등과 같은 무거운 자재를 화물차에 적재할 시, 2인1조로 상하차 작업을 진행하도록 하며 화물차는 경사면이 아닌 비교적 평탄한 지면에 위치시켜 자재 상하차 시, 흔들림에 의한 자재 전도를 방지 / [건설업 연번1303] 2018년 11월경 건축자재 야적장에서 화물자동차 운전기사와 함께 안전난간용 판유리를 ○○현장으로 운반하기 위하여 1톤 화물자동차 적재함에 상차 후, 판유리를 밀착시키는 작업 중 적재함에 적재되어 있던 판유리 10장(총중량 : 607.5kg)이 재해자 쪽으로 전도되면서, 재해자가 전도되는 판유리에 깔려 사망 / [건설업 연번1303] 요인: 자재(유리) 상차작업 중 화물트럭 적재함 위에 기대어 놓은 자재를 밀착시킨던 중 자재가 전도되면서 깔림 / [건설업 연번1303] 대책: 판유리 등과 같은 무거운 자재를 화물차에 적재할 시, 전용 적재대 사용 등의 전도방지조치 철저 / [건설업 연번1303] 대책: 판유리 등과 같은 무거운 자재를 화물차에 적재할 시, 2인1조로 상하차 작업을 진행하도록 하며 화물차는 경사면이 아닌 비교적 평탄한 지면에 위치시켜 자재 상하차 시, 흔들림에 의한 자재 전도를 방지","SIF 건설업 연번 1361, 1372, 1057, 1299, 1303 · data/processed/1_SIF_건설업.csv",합판|석재패널|석재판넬|판유리|전도|세워둔 자재,medium,"내부 메모: 기인물 기타 자재(내부마감재,시멘트,마대). pandas(건설업 재해개요에 합판/판유리/석재/판넬/유리 + 전도/넘어) 약 27건(다른 기인물·상황 포함, 실제 세워둔 자재 전도 유형은 약 10건). 연번1400(돌풍에 합판과 함께 넘어짐)·3371(대리석 전도, 부상)은 부분관련 후보."
SL_B_4_014,④ 사고원인·재발방지,보온양생 숯난로 일산화탄소,manager,"겨울에 콘크리트 보온양생한다고 숯 난로를 피워 둔 곳에서 일하다 질식하는 사고는 왜 나고, 어떻게 예방하나요?","원인: 동절기 콘크리트 타설 후 보온양생용으로 피워 둔 숯 난로(야자열매숯 등)가 연소되면서 일산화탄소가 발생하고, 숯을 교체·보충·착화하거나 난로 상태를 확인하러 들어간 근로자가 중독·질식되었다. 농도측정을 하지 않고 송기마스크 등 보호구 없이 출입한 것이 원인이었다. / 재발방지: ① 갈탄, 목탄, 야자열매 숯 등 난로를 사용하는 경우 작업장 내 주기적으로 환기한다. ② 난로 재료(야자열매숯, 갈탄 등)의 일산화탄소 발생 시험성적과 밀폐공간에서 사용할 때 생길 수 있는 질식재해 위험성을 사전에 확인한 후 사용한다. ③ 난로를 일정시간 사용한 후 교체할 때는 반드시 호흡용 보호구를 착용하고 유해가스 농도 측정기를 사용하여 질식사고에 대비한다.","[건설업 연번620] 2017년 12월경 ○○현장에서 콘크리트 보온양생을 위해 난로(대나무숯)를 점화하고 같은 날 23시경 난로의 상태를 확인하기 위하여 해당 장소로 올라간 피재자가 질식 사망 / [건설업 연번620] 요인: 동절기 콘크리트 타설 후 보온양생용 숯 난로를 사용하는 현장에서 농도측정을 하지 않고 송기마스크를 착용하지 않은채 작업장에 출입한 근로자 질식 / [건설업 연번620] 대책: 동절기 콘크리트의 보온양생을 목적으로 갈탄, 목탄,야자열매 숯 등 난로를 사용하는 경우, 주기적으로 작업장 내 환기 실시 / [건설업 연번620] 대책: 동절기 콘크리트의 보온양생을 목적으로 난로를 사용하는 경우, 재료(야자열매숯, 갈탄 등)의 일산화탄소 발생 시험성적, 밀폐 공간에서 사용 시 발생할 수 있는 질식재해 등과 같은 위험성을 사전에 확인 후 사용하도록 조치 / [건설업 연번620] 대책: 동절기 콘크리트의 보온양생을 목적으로 난로를 사용하고 일정시간 사용 후 교체하는 경우, 반드시 호흡용 보호구를 착용하고 유해가스 농도 측정기를 사용하여 질식사고에 대비 / [건설업 연번623] 2017년 12월경 ○○현장 부대시설 지하층에서, 재해자 2명이 당일 보온·양생을 위해 피워놓은 야자열매숯 난로를 교체작업 중 일산화탄소에 의한 질식으로 사망 / [건설업 연번623] 요인: 동절기 콘크리트 타설 후 보온양생용 숯 난로를 사용하는 현장에서 농도측정을 하지 않고 송기마스크를 착용하지 않은채 작업장에 출입한 근로자 질식 / [건설업 연번623] 대책: 동절기 콘크리트의 보온양생을 목적으로 갈탄, 목탄,야자열매 숯 등 난로를 사용하는 경우, 주기적으로 작업장 내 환기 실시 / [건설업 연번623] 대책: 동절기 콘크리트의 보온양생을 목적으로 난로를 사용하는 경우, 재료(야자열매숯, 갈탄 등)의 일산화탄소 발생 시험성적, 밀폐 공간에서 사용 시 발생할 수 있는 질식재해 등과 같은 위험성을 사전에 확인 후 사용하도록 조치 / [건설업 연번623] 대책: 동절기 콘크리트의 보온양생을 목적으로 난로를 사용하고 일정시간 사용 후 교체하는 경우, 반드시 호흡용 보호구를 착용하고 유해가스 농도 측정기를 사용하여 질식사고에 대비 / [건설업 연번626] 2019년 2월경 ○○현장 옥탑 2층에서 피재자가 콘크리트 타설 후 보온양생용으로 피워놓은 드럼난로의 코코넛탄이 연소되며 발생한 일산화탄소에 의해 중독·질식 사망 / [건설업 연번626] 요인: 콘크리트 타설 후 보온양생용으로 피워놓은 드럼난로의 코코넛탄이 연소되며 발생한 일산화탄소에 의해 중독·질식 / [건설업 연번626] 대책: 동절기 콘크리트의 보온양생을 목적으로 갈탄, 목탄,야자열매 숯 등 난로를 사용하는 경우, 주기적으로 작업장 내 환기 실시 / [건설업 연번626] 대책: 동절기 콘크리트의 보온양생을 목적으로 난로를 사용하는 경우, 재료(야자열매숯, 갈탄 등)의 일산화탄소 발생 시험성적, 밀폐 공간에서 사용 시 발생할 수 있는 질식재해 등과 같은 위험성을 사전에 확인 후 사용하도록 조치 / [건설업 연번626] 대책: 동절기 콘크리트의 보온양생을 목적으로 난로를 사용하고 일정시간 사용 후 교체하는 경우, 반드시 호흡용 보호구를 착용하고 유해가스 농도 측정기를 사용하여 질식사고에 대비 / [건설업 연번627] 2019년 01월경 ○○현장 옥탑2층에서 피재자 2명이 콘크리트 타설 후 보온양생용으로 피워놓은 드럼난로의 숯탄 보충작업을 하던 중 숯탄이 연소되며 발생한 일산화탄소에 의해 중독·질식사망 / [건설업 연번627] 요인: 콘크리트 타설 후 보온양생용으로 피워놓은 드럼난로의 숯탄 보충작업을 하던 중 숯탄이 연소되며 발생한 일산화탄소에 의해 질식 / [건설업 연번627] 대책: 동절기 콘크리트의 보온양생을 목적으로 갈탄, 목탄,야자열매 숯 등 난로를 사용하는 경우, 주기적으로 작업장 내 환기 실시 / [건설업 연번627] 대책: 동절기 콘크리트의 보온양생을 목적으로 난로를 사용하는 경우, 재료(야자열매숯, 갈탄 등)의 일산화탄소 발생 시험성적, 밀폐 공간에서 사용 시 발생할 수 있는 질식재해 등과 같은 위험성을 사전에 확인 후 사용하도록 조치 / [건설업 연번627] 대책: 동절기 콘크리트의 보온양생을 목적으로 난로를 사용하고 일정시간 사용 후 교체하는 경우, 반드시 호흡용 보호구를 착용하고 유해가스 농도 측정기를 사용하여 질식사고에 대비 / [건설업 연번630] 2022년 1월경 ○○현장에서 재해자가 옥탑2층에 타설된 콘크리트를 양생하기 위해 옥탑층에 배치된 드럼난로의 야자성형숯(이하‘야자숯’)을 착화시키려고 옥탑1층(34층)의 보양막 내부로 출입하여 이동 및 작업 중 일산화탄소에 중독되어 사망 / [건설업 연번630] 요인: 콘크리트를 양생하기 위해 옥탑층에 배치된 드럼난로의 야자성형숯을 착화시키려고 보양막 내부로 출입하여 이동 및 작업 중 일산화탄소에 중독 / [건설업 연번630] 대책: 동절기 콘크리트의 보온양생을 목적으로 갈탄, 목탄,야자열매 숯 등 난로를 사용하는 경우, 주기적으로 작업장 내 환기 실시 / [건설업 연번630] 대책: 동절기 콘크리트의 보온양생을 목적으로 난로를 사용하는 경우, 재료(야자열매숯, 갈탄 등)의 일산화탄소 발생 시험성적, 밀폐 공간에서 사용 시 발생할 수 있는 질식재해 등과 같은 위험성을 사전에 확인 후 사용하도록 조치 / [건설업 연번630] 대책: 동절기 콘크리트의 보온양생을 목적으로 난로를 사용하고 일정시간 사용 후 교체하는 경우, 반드시 호흡용 보호구를 착용하고 유해가스 농도 측정기를 사용하여 질식사고에 대비","SIF 건설업 연번 620, 623, 626, 627, 630 · data/processed/1_SIF_건설업.csv",보온양생|숯 난로|일산화탄소|질식|환기,medium,"내부 메모: 기인물 화학물질. pandas(건설업 재해개요에 보온양생/숯/드럼난로) 약 9건, 일산화탄소 중독 유형은 620,623,626,627,629,630 약 6건. 연번629는 부상 사례로 대책 표현이 달라 제외(같은 유형 추가 후보)."
SL_B_4_015,④ 사고원인·재발방지,굴착부 인접 담장·조적벽 붕괴,manager,"관로 묻으려고 땅을 팔 때 바로 옆 담장이나 조적벽이 굴착부 쪽으로 넘어져서 바닥에서 일하던 사람이 깔리는 사고는 왜 나고, 어떻게 막나요?","원인: 배관 설치나 관로 부설을 위한 굴착부 바닥에서 평탄화·접합 작업을 하는 동안, 굴착부에 인접한 노후 담장이나 주택의 조적벽이 굴착부 쪽으로 전도·붕괴하여 작업자를 덮쳤다. 굴착 시 인접 구조물의 전도·붕괴 위험을 보강하거나 사전에 확인하지 않은 것이 원인이었다. / 재발방지: ① 굴착작업 중 인접 구조물의 전도위험을 막기 위해 견고한 지지대를 설치하고 적정 이격거리를 유지한다. ② 기존 구조물 등이 근접해 있는 경우 진동 및 충격 등에 의한 사전 안전성평가를 실시한다. ③ 옹벽, 콘크리트 벽 등의 구조물에 근접한 장소에서 굴착할 때는 붕괴 위험 요인을 보강하거나 이설, 제거하는 등 위험 방지 조치를 한다. ④ 굴착면의 기울기 기준을 지키고 간이 흙막이나 흙막이 지보공을 설치한다. ⑤ 굴착토사나 자재 등을 굴착 선단부에 적치하지 않도록 한다. ⑥ 굴착대상 지반의 지형, 지질, 지층상태를 사전조사하고 작업계획서를 작성한다.","[건설업 연번2541] 2017년 10월경 ○○현장에서 배수관로(PVC, Φ450) 설치를 위한 굴착작업 중 굴착부와 인접해 있는 주택의 노후된 담장이 굴착부 방향으로 전도되면서 굴착부 저면의 평탄 및 정리작업 중이던 재해자을 덮쳐 사망 / [건설업 연번2541] 요인: 배수관로 설치를 위한 굴착작업 중 굴착부와 인접해 있는 주택의 노후된 담장이 굴착부 방향으로 붕괴되며 깔림 / [건설업 연번2541] 대책: 굴착작업 중 인접 구조물의 전도위험 방지(견고한 지지대 설치 등) 조치 실시 / [건설업 연번2541] 대책: 기존 구조물 등이 근접해있는 경우 진동 및 충격 등에 의한 사전 안전성평가 실시 / [건설업 연번2541] 대책: 굴착면의 기울기 기준 준수 및 간이 흙막이 등 설치 / [건설업 연번2541] 대책: 굴착작업 주변 지반 사전조사 및 작업계획서 작성 / [건설업 연번2548] 2015년 7월경 ○○현장에서 급수관 교체 작업을 위해 굴착 바닥 평탄화 작업을 하던 중 인접해 있는 주택의 조적벽이 굴착부 방향으로 전도되면서 피재자 2명을 덮쳐 부상 / [건설업 연번2548] 요인: 굴착저면 평탄화 작업 중 인접해 있는 주택 조적벽이 굴착부 방향으로 전도되면서 깔림 / [건설업 연번2548] 대책: 굴착작업 시 굴착면의 기울기 기준 준수 / [건설업 연번2548] 대책: 지반의 붕괴 또는 토석의 낙하에 의한 근로자에게 위험 발생 위험이 있을 시 작업 전 흙막이 지보공을 설치 / [건설업 연번2548] 대책: 옹벽, 콘크리트 벽 등의 구조물에 근접한 장소에서 굴착 시 붕괴 위험 요인 보강 또는 이설, 제거 등의 위험 방지 조치 실시 / [건설업 연번2548] 대책: 굴착토사나 자재 등 굴착 선단부에 적치 금지 / [건설업 연번2548] 대책: 굴착대상 지반의 지형, 지질, 지층상태 및 함수 유무 등 사전조사 실시 / [건설업 연번2651] 2020년 04월경 ○○현장에서 피재자가 굴착구간 하부에서 관로 접합 작업 중 작업구간에 인접한 노후된 담장이 무너지며 재해자가 깔려 사망 / [건설업 연번2651] 요인: 굴착구간 하부에서 관로 접합 작업 중 작업구간에 인접한 노후된 담장이 무너지며 깔림 / [건설업 연번2651] 대책: 굴착작업 중 인접 구조물의 전도위험 방지(견고한 지지대 설치 등) 조치 실시 / [건설업 연번2651] 대책: 기존 구조물 등이 근접해있는 경우 진동 및 충격 등에 의한 사전 안전성평가 실시 / [건설업 연번2651] 대책: 굴착면의 기울기 기준 준수 및 간이 흙막이 등 설치 / [건설업 연번2651] 대책: 굴착작업 주변 지반 사전조사 및 작업계획서 작성 / [건설업 연번2579] 2022년 9월경 ○○현장에서 재해자가 도시가스 배관 매설을 위해 트렌치 굴착 작업이 완료된 굴착면 바닥의 평탄화 작업 중 굴착부 인근 주택의 담장이 전도되면서 깔려 사망 / [건설업 연번2579] 요인: 마을 도시가스 인입공사 현장에서 도시가스 배관 매설을 위해 트렌치 굴착 작업 후 재해자가 굴착면 바닥에서 평탄화 작업 중 굴착부 인근 주택의 담장이 굴착면쪽으로 붕괴되면서 전도된 담장(벽체)에 깔림 / [건설업 연번2579] 대책: 굴착작업 시 인접 구조물에 대한 전도, 붕괴방지를 위해 적정 이격거리 유지, 지지대 보강·설치 등 조치 / [건설업 연번2555] 2019년 05월경 ○○현장에서 지상1층 바닥에 기 설치된 상수도 계량기 이전 설치를 위하여 약 0.8m 굴착작업 중 근처에 있던 담장의 일부(1.8m×1.6m, w≒1,457kg)가 피재자 방향으로 쓰러지며, 지면과 쓰러진 담장사이에 협착되어 사망 / [건설업 연번2555] 요인: 관로 부설을 위한 굴착 중 근처에 있던 담장의 일부가 붕괴 / [건설업 연번2555] 대책: 굴착작업 시 굴착면의 기울기 기준 준수 / [건설업 연번2555] 대책: 지반의 붕괴 또는 토석의 낙하에 의한 근로자에게 위험 발생 위험이 있을 시 작업 전 흙막이 지보공을 설치 / [건설업 연번2555] 대책: 옹벽, 콘크리트 벽 등의 구조물에 근접한 장소에서 굴착 시 붕괴 위험 요인 보강 또는 이설, 제거 등의 위험 방지 조치 실시 / [건설업 연번2555] 대책: 굴착토사나 자재 등 굴착 선단부에 적치 금지 / [건설업 연번2555] 대책: 굴착대상 지반의 지형, 지질, 지층상태 및 함수 유무 등 사전조사 실시","SIF 건설업 연번 2541, 2548, 2651, 2579, 2555 · data/processed/1_SIF_건설업.csv",굴착|인접 담장|조적벽|전도|지지대,hard,"내부 메모: 기인물 벽체. pandas(건설업 재해개요에 담장/조적벽/조적조 + 굴착/터파기) 약 12건. 연번10·2552·2483(굴착사면과 함께 담장·옹벽 붕괴, 같은 대책)은 같은 유형 추가 후보."
SL_B_4_016,④ 사고원인·재발방지,갠트리크레인 주행 중 끼임,manager,갠트리크레인이 움직이면서 크레인 새들 쪽에 작업자가 끼이는 사고는 왜 나고 어떻게 막아야 하나요?,"원인: 크레인 주행로나 주행레일 주변, 크레인과 설비·구조물 사이 좁은 곳에 작업자가 있는데 출입통제가 되지 않았고, 조종자가 시야가 확보되지 않은 상태에서 주변을 확인하지 못한 채 크레인을 주행시켜 새들과 구조물 사이에 끼였다. / 재발방지: ① 크레인 주행로 주변과 주행 크레인-주변 구조물(새들 돌출부와 구조물 포함) 사이에 안전공간을 확보한다. ② 주행 크레인과 설비 사이에 통로를 설치하는 경우에는 그 폭을 0.6m 이상으로 한다. ③ 작업자가 주행하는 크레인에 접촉될 우려가 없도록 크레인 운전을 정지시키는 등 필요한 안전조치와 접촉방지조치를 한다. ④ 크레인 작업 전 주변 확인을 철저히 하고, 야적장 정리정돈·주변 근로자의 주행 확인·감시인 배치 등으로 조종 환경을 개선한다. ⑤ 작업안전절차와 중량물 취급 작업계획서를 작성해 지킨다. ⑥ 크레인 운전자에게 안전조작교육과 특별안전교육을 실시한다.","[제조업등 연번1094] 2023년 10월경 OO사업장 내 야드에서 갠트리크레인 조종자가 크레인 주행로 상에 있는 재해자를 확인하지 못한 상태에서 갠트리크레인을 움직여 재해자가 갠트리크레인 새들(Saddle)과 H-Beam 적재대 사이에 끼어 사망 / [제조업등 연번1094] 요인: 『차량(하역운반기계 또는 건설기계 포함)작업구역에서 출입통제 미실시』로 근로자(차량포함)가 작업차량 또는 운반하는 화물에 부딪히거나 깔림 또는 주변 구조물과 그 사이에 끼임 위험 / [제조업등 연번1094] 대책: 크레인 주행로 주변 안전공간 확보 / [제조업등 연번1094] 대책: 크레인 사용 작업 시 작업안전절차 준수 / [제조업등 연번1094] 대책: 크레인 조종환경 개선(야드 정리정돈, 주변 근로자들이 크레인 주행 확인, 감시인 배치 등) / [제조업등 연번1331] 2019년 6월 OO공장내 작업장에서 재해자가 철골 구조물과 갠트리 크레인 주행레일 사이에서 사상작업 중 주행 중인 갠트리크레인 새들과 철골구조물 사이에 신체가 끼어 사망 / [제조업등 연번1331] 요인: 『주변에서 작동하는 설비(차량 제외)』에 의한 사고 위험 / [제조업등 연번1331] 대책: 주행 크레인과 주변구조물 사이에는 안전한 공간 확보 철저 / [제조업등 연번1331] 대책: 중량물 취급 작업계획서 작성 및 준수 / [제조업등 연번1331] 대책: 크레인 작업 전 주변 확인 철저 / [제조업등 연번654] 2020년 11월경 OO사업장 선박 제품 제조공정에서 재해자가 도장작업 중 이동하는 갠트리 크레인과 설비 사이에 끼어 사망 / [제조업등 연번654] 요인: 『운반하는 물체의 이동경로에 근로자의 출입을 통제하지 않아』 부딪히거나 주변 구조물과 운반물 사이에 끼임 위험 / [제조업등 연번654] 대책: 주행 크레인과 설비 사이에 통로를 설치하는 경우에는 그 폭을 0.6m 이상으로 설치 / [제조업등 연번654] 대책: 작업에 종사하는 작업자가 주행하는 크레인에 접촉될 우려가 없도록 크레인의 운전을 정지시키는 등 필요한 안전조치를 실시 / [제조업등 연번654] 대책: 크레인 운전자 안전조작교육 실시 / [제조업등 연번811] 2017년 9월경 작업장에서 재해자가 주행중이던 크레인의 새들 돌출부와 충돌 후 새들과 크레인 레일 주변에 설치되어 있는 스팀배관과 지지기둥 사이에 끼어 사망 / [제조업등 연번811] 요인: 운반하는 물체 또는 주변 구조물 등에 의해 『설비 조작자의 시야가 확보되지 않은 상태에서 운반』하여 다른 구조물에 부딪히거나 그 사이에 끼임 위험 / [제조업등 연번811] 대책: 근로자 접촉방지조치 실시 / [제조업등 연번811] 대책: 크레인 새들 돌출부와 주변 구조물 사이의 안전공간 확보 / [제조업등 연번811] 대책: 크레인 운전자 특별안전교육 실시","SIF 제조업등 연번 1094, 1331, 654, 811 · data/processed/1_SIF_제조업등.csv",갠트리크레인|새들|주행로|끼임|안전공간,hard,"내부 메모: 기인물 크레인(갠트리크레인). pandas(갠트리+새들/주행) 제조업등 약 3~4건. 갠트리크레인 양중 중 인양물 사고(812,816,1517)나 갠트리로더(947,968)는 다른 유형."
SL_B_4_017,④ 사고원인·재발방지,이동대차 협착,manager,공장에서 이동대차와 벽이나 설비 사이에 끼이는 사고는 왜 나고 어떻게 막나요?,"원인: 대차가 이동하거나 자동으로 동작하는 경로·위험반경에 근로자가 들어가 있었고, 출입을 막는 방호조치나 설비 정지·전원 차단 없이 작업하거나 이동하다가 대차와 벽체·설비·구조물 사이에 끼였다. / 재발방지: ① 이동대차 이동경로 등 위험영역과 신체 일부가 끼일 수 있는 위험장소, 위험반경 내에는 접근·출입을 금지한다. ② 대차와 벽체 사이 등에 접근할 수 없도록 방책과 연동장치(인터록)를 설치하고 출입금지 표지판을 붙인다. ③ 수리·정비 작업 시에는 전원을 차단하고, 기동스위치에 잠금장치를 설치해 열쇠를 철저히 관리한다. ④ 대차가 이동할 때 경보음이 울린 뒤 출발하도록 경보음 발생설비를 부착한다. ⑤ 자동 성형라인에는 안전한 통로를 설치하고, 점검·주유·청소 등 수시작업에 대한 안전작업매뉴얼 등 관리지침을 마련한다.","[제조업등 연번772] 2020년 9월 OO 작업장에서 재해자가 전진하는 코팅용 대차에 충돌하면서 코팅용 대차와 파이프 운반용 롤러기둥에 끼여 사망 / [제조업등 연번772] 요인: 『설비를 정지시키지 않거나 전원을 차단하지 않은 상태에서 정비·보수·청소·교체·조정·점검 등의 작업』 중 사고 위험 / [제조업등 연번772] 대책: 신체의 일부가 끼일 수 있는 위험장소에 출입 금지 조치 실시 / [제조업등 연번772] 대책: 수리 및 정비작업시 전원 차단 / [제조업등 연번772] 대책: 코팅용 대차 이동시 경보음 발생 후 출발토록 경보음 발생설비 부착 / [제조업등 연번803] 2016년 12월경 재해자가 몰드투입 작업장을 가로질러 이동 중 성형몰드 이동대차와 벽체 사이에 끼어 사망 / [제조업등 연번803] 요인: 『차량(하역운반기계 또는 건설기계 포함)작업구역에서 출입통제 미실시』로 근로자(차량포함)가 작업차량 또는 운반하는 화물에 부딪히거나 깔림 또는 주변 구조물과 그 사이에 끼임 위험 / [제조업등 연번803] 대책: 몰드이동대차와 양생실 벽체 사이에 접근할수 없도록 방책 및 연동장치 설치 / [제조업등 연번803] 대책: 출입금지 표지판 설치 / [제조업등 연번878] 2018년 6월 OO공장 재해자가 피막탱크의 수위를 확인하던 중 자동화 시스템에 의해 동작되는 전동대차와 탱크 상부 사이에 머리가 끼여 사망 / [제조업등 연번878] 요인: 『설비를 정지시키지 않거나 전원을 차단하지 않은 상태에서 정비·보수·청소·교체·조정·점검 등의 작업』 중 사고 위험 / [제조업등 연번878] 대책: 위험반경 내 접근금지 조치 / [제조업등 연번878] 대책: 기동스위치에 잠금장치 설치 및 열쇠 관리 철저 / [제조업등 연번878] 대책: 피막탱크와 방청탱크 사이 계단 출입문에 연동장치(인터록) 설치 / [제조업등 연번1396] 2016년 2월경 공장 내 시멘트블록 자동 성형라인에서 재해자가 성형블록 이동대차와 성형블록 적재기 사이에 끼어 사망(추정) / [제조업등 연번1396] 요인: 『주변에서 작동하는 설비(차량 제외)』에 의한 사고 위험 / [제조업등 연번1396] 대책: 이동대차 이동경로 등 위험영역내 출입금지를 위한 방호조치 실시 / [제조업등 연번1396] 대책: 시멘트 블록 자동 성형라인에 안전한 통로 설치 / [제조업등 연번1396] 대책: 점검, 주유, 청소 등 수시작업에 대한 안전작업매뉴얼 등 관리지침 마련","SIF 제조업등 연번 772, 803, 878, 1396 · data/processed/1_SIF_제조업등.csv",이동대차|협착|위험반경|연동장치|출입금지,medium,내부 메모: 기인물 이동대차. pandas(이동대차+끼) 제조업등 약 10건. 코팅용 대차 충돌(772)은 정비·점검 요인 사례. 화물 하차 중 대차 낙하(1087)나 호퍼-자동이송대차 끼임(2317)은 부분관련 후보.
SL_B_4_018,④ 사고원인·재발방지,사출성형기 금형 이물질 제거 끼임,worker,사출성형기나 블로우성형기 금형에 붙은 이물질·불량품을 빼다가 끼이는 사고는 왜 나고 어떻게 막나요?,"원인: 설비를 정지시키거나 전원을 차단하지 않은 채 금형 사이나 성형기 내부에서 이물질·부산물·불량품을 제거하다가 금형이나 취출로봇이 작동·하강하여 끼였다. 방호장치도 충분히 갖춰지거나 관리되지 않았다. / 재발방지: ① 금형 내 이물질 제거나 정비·청소 같은 작업을 할 때는 성형기의 운전을 정지한다. ② 기계의 기동장치에 잠금장치를 하고 열쇠를 별도로 관리한다. ③ 금형 가동구역 전단에 출입문 연동장치를 설치하고 기능을 유지하며, 전면부 방호장치와 측면부 덮개 등을 개선·보완한다. ④ 방호장치의 작동상태를 철저히 관리하고, 고장난 기계는 정비한 뒤 사용한다. ⑤ 이물질 제거 같은 비정형작업에 대해 문서화된 안전작업절차서를 작성하고 교육한다. ⑥ 위험성평가를 실시하고 작업방법을 개선한다.",[제조업등 연번760] 2020년 11월 OO공장 블로우성형기에서 재해자가 금형 사이의 이물질을 제거하는 과정에서 금형이 작동되어 금형과의 틈새에 재해자가 끼여 사망 / [제조업등 연번760] 요인: 『설비를 정지시키지 않거나 전원을 차단하지 않은 상태에서 정비·보수·청소·교체·조정·점검 등의 작업』 중 사고 위험 / [제조업등 연번760] 대책: 금형 내 이물질 제거 등의 작업시 블로우성형기의 운전정지 및 기계의 기동장치에 잠금장치를 하고 열쇠의 별도관리 / [제조업등 연번760] 대책: 금형 가동구역 전단에 출입문 연동장치 설치 및 기능 유지 / [제조업등 연번760] 대책: 이물질 제거 등 비정형작업에 대한 문서화된 안전작업절차서 작성 및 교육 / [제조업등 연번236] 2019년 12월경 OO사업장 고무제품 제조공정에서 재해자가 사출성형기 내부 이물질 제거 작업 중 동작하는 성형기 내부에 끼여 사망 / [제조업등 연번236] 요인: 『설비를 정지시키지 않거나 전원을 차단하지 않은 상태에서 정비·보수·청소·교체·조정·점검 등의 작업』 중 사고 위험 / [제조업등 연번236] 대책: 수직진공사출고무성형기 정비·청소 등 이와 유사한 작업시 운전정지 / [제조업등 연번236] 대책: 수직진공사출고무성형기 전면부 방호장치 개선 / [제조업등 연번236] 대책: 수직진공사출고무성형기 측면부 덮개 등 설치 및 보완 / [제조업등 연번296] 2020년 10월 전기부품제조공장에서 재해자가 사출성형기 금형 하부에 붙은 부산물 제거를 위해 금형 사이에 진입하여 작업하던 중 불시 하강한 중간금형과 하부금형 사이에 끼임 / [제조업등 연번296] 요인: 『설비를 정지시키지 않거나 전원을 차단하지 않은 상태에서 정비·보수·청소·교체·조정·점검 등의 작업』 중 사고 위험 / [제조업등 연번296] 대책: 사출성형기 운전 시작 전 위험요인 파악 및 업무습득방법 개선 / [제조업등 연번296] 대책: 사출성형기 작업방법 개선 / [제조업등 연번296] 대책: 위험성의 크기가 허용 가능한 범위인지를 평가하여야 하고 그 결과에 따라 조치 / [제조업등 연번139] 2022년 4월경 OO공장 내에서 재해자가 동료근로자와 함께 사출성형기 금형에 붙은 불량품 제거작업 중 취출로봇이 작동되면서 금형과 취출로봇 사이에 재해자의 머리가 협착되어 사망 / [제조업등 연번139] 요인: 『설비를 정지시키지 않거나 전원을 차단하지 않은 상태에서 정비·보수·청소·교체·조정·점검 등의 작업』 중 사고 위험 / [제조업등 연번139] 대책: 방호장치의 작동상태 관리 철저 / [제조업등 연번139] 대책: 고장난 기계의 정비 후 사용 / [제조업등 연번139] 대책: 위험성평가 실시,"SIF 제조업등 연번 760, 236, 296, 139 · data/processed/1_SIF_제조업등.csv",사출성형기|금형|이물질 제거|운전정지|잠금장치,medium,"내부 메모: 기인물 사출성형기(블로우몰딩머신 포함). pandas(사출성형기+이물질/부산물/불량품) 제조업등 약 5건. 점검 목적 내부 진입(76,77 등)은 ③ 문항 사례이며 별개."
SL_B_4_019,④ 사고원인·재발방지,엘리베이터 승강로 작업 중 끼임,manager,엘리베이터 카 위나 승강로 안에서 수리·점검하다가 엘리베이터가 움직여 끼이는 사고는 왜 나고 어떻게 막나요?,"원인: 엘리베이터를 정지시키거나 전원을 차단하지 않은 상태에서 카 상부나 승강로, 피트 안에서 수리·점검·설치 작업을 하다가 엘리베이터가 움직여 카와 승강로 구조물 사이 또는 카운터 웨이트와의 사이에 끼였다. / 재발방지: ① 승강로 내부나 카 상부에서 정비·보수·수리·점검 작업을 할 때는 승강기 운전을 정지한다. ② 점검 모드에서 승강기 수리 작업을 한다. ③ 수리·점검 작업 시 출입 및 접근금지 조치를 하고 방호조치 또는 안내조치 등 필요한 안전조치를 실시한다. ④ 작업지휘자를 선임해 배치한다. ⑤ 안전모, 안전대 등 개인보호구를 지급하고 착용한다.","[제조업등 연번2179] 2023년 6월경 OO상업시설 건물에서 승강기 유지보수업체 재해자가 승강기 카(Car) 상부에서 승강장 문을 점검하던 중 카가 상층으로 움직이면서 카와 승강로 H빔 사이에 끼인 후 승강기 피트로 추락(약 21 m)하여 사망 / [제조업등 연번2179] 요인: 『설비를 정지시키지 않거나 전원을 차단하지 않은 상태에서 정비·보수·청소·교체·조정·점검 등의 작업』 중 사고 위험 / [제조업등 연번2179] 대책: 점검 모드에서 승강기 수리 작업 실시 / [제조업등 연번2179] 대책: 수리작업 시 출입 및 접근금지 조치 실시 / [제조업등 연번2179] 대책: 승강기 수리작업 시 작업지휘자 배치 / [제조업등 연번2191] 2019년 11월경 승강로에서 재해자가 승강기 가드레일의 레일브라켓이 올라가 필름 제거 작업을 하던 중 승강기가 갑자기 작동하여 승강기와 레일브라켓 사이에 끼여 사망 / [제조업등 연번2191] 요인: 『설비를 정지시키지 않거나 전원을 차단하지 않은 상태에서 정비·보수·청소·교체·조정·점검 등의 작업』 중 사고 위험 / [제조업등 연번2191] 대책: 승강기 정비·청소 등의 작업 시 운전정지 실시 / [제조업등 연번2191] 대책: 승강기 수리·점검 등의 작업 시 안전조치 및 출입금지조치 실시 / [제조업등 연번2410] 2018년 2월경 엘리베이터에서 재해자가 내부 핸드레일 설치를 위해 승강로 내부 중간 부에서 작업하던 중, 엘리베이터가 하강하여 재해자가 끼어 사망 / [제조업등 연번2410] 요인: 『설비를 정지시키지 않거나 전원을 차단하지 않은 상태에서 정비·보수·청소·교체·조정·점검 등의 작업』 중 사고 위험 / [제조업등 연번2410] 대책: 승강로 내부에서 정비 및 보수작업 시 승강기 운행 모두 정지 / [제조업등 연번2410] 대책: 개인보호구(안전모, 안전대 등) 지급 및 착용 / [제조업등 연번2414] 2019년 11월경 재해자가 엘리베이터 상부 고장 수리 작업을 하던 중 엘리베이터가 상승하여 승강장 문턱 아래에 끼여 사망 / [제조업등 연번2414] 요인: 『설비를 정지시키지 않거나 전원을 차단하지 않은 상태에서 정비·보수·청소·교체·조정·점검 등의 작업』 중 사고 위험 / [제조업등 연번2414] 대책: 엘리베이터 수리 작업 시 엘리베이터 운전정지 / [제조업등 연번2414] 대책: 엘리베이터 수리 작업 시 작업 지휘자 선임 / [제조업등 연번1042] 2016년 11월경 엘리베이터 피트안에서 엘리베이터를 점검하던 중 운반구의 가동(상승)으로 인하여 하강하는 카운터 웨이트와 운반구 사이에 끼어 사망 / [제조업등 연번1042] 요인: 『정비·보수·청소·교체·조정·점검 등의 작업 중 작업자 외 다른 사람이 설비를 가동』하여 갑자기 작동된 설비로 인한 사고 위험 / [제조업등 연번1042] 대책: 검사(점검) 작업시 기계의 운전을 정지 / [제조업등 연번1042] 대책: 검사(점검) 작업시 방호조치 또는 안내조치 실시 / [제조업등 연번1042] 대책: 검사(점검) 작업시 작업지휘자 배치","SIF 제조업등 연번 2179, 2191, 2410, 2414, 1042 · data/processed/1_SIF_제조업등.csv",엘리베이터|승강로|카 상부|운전정지|작업지휘자,hard,"내부 메모: 기인물 엘리베이터. pandas(엘리베이터+상부/승강로/피트) 제조업등 약 9건. 승강장 문 개방 추락(1033,1851,2091,2093)은 ③ 문항 사례. 승강로 사다리 이동 중 끼임(1451)은 같은 유형 후보."
SL_B_4_020,④ 사고원인·재발방지,집게차 후진 충돌,worker,폐기물 야적장이나 공장에서 집게차가 후진하다가 사람이 부딪히거나 깔리는 사고는 왜 나고 어떻게 막나요?,"원인: 집게차(집게 크레인)가 후진할 때 진행방향과 사각지대를 확인하지 않았고, 작업구역 출입통제나 작업자 간 의사소통이 없어 걸어가던 사람이나 인근 작업자가 후미에 부딪히거나 뒷바퀴에 깔렸다. / 재발방지: ① 작업지휘자 또는 유도자를 지정·배치해 차량을 유도한다. ② 안전한 통로를 확보해 표시하고 보행자 안전통로를 마련한다. ③ 집게 크레인이 후진할 때 차량 후방안전을 확보할 수 있는 안전장치를 설치한다. ④ 차량계하역운반기계 작업계획서를 작성해 지키고 위험성평가를 실시한다.","[제조업등 연번189] 2021년 1월 식물성 유지 제조공장에서 재해자가 도보로 이동하던 중 동료작업자가 운전 중인 후진하는 이동식 크레인(집게차)와 부딪힘 / [제조업등 연번189] 요인: 『차량(하역운반기계 또는 건설기계 포함)운행 중 차량의 진행방향 및 사각지대를 확인하지 않아』 근로자가 작업차량에 깔리거나, 주변 구조물과 작업차량 사이에 끼임 위험 / [제조업등 연번189] 대책: 안전한 통로 확보 및 통로 표시 / [제조업등 연번189] 대책: 차량계하역운반기계 작업계획서 작성 및 준수 / [제조업등 연번189] 대책: 작업지휘자 지정 및 배치 / [제조업등 연번2032] 2023년 2월경 OO소재 폐기물 적치장에서 동료 작업자(집게 크레인 운전자)와 함께 폐기물 수집 작업 중 후진하는 집게 크레인 후미에 부딪혀 사망 / [제조업등 연번2032] 요인: 『차량(하역운반기계 또는 건설기계 포함)작업구역에서 출입통제 미실시』로 근로자(차량포함)가 작업차량 또는 운반하는 화물에 부딪히거나 깔림 또는 주변 구조물과 그 사이에 끼임 위험 / [제조업등 연번2032] 대책: 집게 크레인의 후진 시 차량 후방안전을 확보할 수 있는 안전장치 설치 / [제조업등 연번2032] 대책: 집게 크레인 사용 작업에 대한 작업계획서 작성 및 위험성평가 실시 / [제조업등 연번2365] 2022년 6월경 OO사업장 내에서 재해자가 지게차에 탑승하여 작업장 인근으로 이동 중 후진하는 폐기물수거 화물자동차(이하‘집게차’) 후미에 충돌 후 전신이 집게차 뒷바퀴에 깔려 사망 / [제조업등 연번2365] 요인: 작업자 간 『작업 상황에 대해 의사소통을 하지 않고 작업』을 실시해 작업중인 기계 또는 운반하는 물체에 부딪히거나 깔림 또는 주변 구조물과 운반하는 물체 사이에 끼임 등 위험 / [제조업등 연번2365] 대책: 작업지휘자 또는 유도자를 배치하여 차량을 유도 / [제조업등 연번2365] 대책: 보행자 안전통로 확보 / [제조업등 연번2365] 대책: 작업계획서 작성 및 준수","SIF 제조업등 연번 189, 2032, 2365 · data/processed/1_SIF_제조업등.csv",집게차|이동식크레인|후진|작업지휘자|통로,medium,"내부 메모: 기인물 크레인(이동식크레인/집게차). pandas(집게+후진) 제조업등 약 3건. 작업반경 내 접근 인양(2042,2326)이나 아웃트리거 끼임(500,748)은 다른 유형."
SL_B_4_021,④ 사고원인·재발방지,연신기 롤러 말림,manager,"섬유공장 연신기 롤러에 팔이나 몸이 말려 들어가는 사고는 왜 나고, 어떻게 막아야 하나요?","원인: 연신기의 롤러나 조인트 같은 회전부에 덮개·울 등의 방호조치가 없거나 방호덮개·안전장치를 해제한 상태에서, 설비를 정지하거나 전원을 차단하지 않은 채 이물질·원사 제거, 점검, 정비, 교체 작업을 하다가 신체나 원사가 말려 들어갔다. / 재발방지: ① 연신기 롤러 등 회전체에 방호덮개와 울을 설치하고 관리한다. ② 근로자 접근을 막는 방책 등을 설치한다. ③ 연신기 방호장치를 해제하지 못하도록 금지조치를 강화한다. ④ 원사 제거 같은 점검·청소·정비·조정 작업을 할 때는 운전을 정지한 뒤 작업하며, 전원을 차단한다. ⑤ 비정상적인 통행로를 차단한다.","[제조업등 연번527] 2018년 1월 섬유공장에서 재해자가 연신기 방호덮개를 해제하고 점검 작업 중 연신기 조인트의 회전체 사이에 끼임 / [제조업등 연번527] 요인: 『설비를 정지시키지 않거나 전원을 차단하지 않은 상태에서 정비·보수·청소·교체·조정·점검 등의 작업』 중 사고 위험 / [제조업등 연번527] 대책: 방호덮개 설치 및 관리 철저 / [제조업등 연번527] 대책: 비정형(점검·청소·정비) 작업 수행 시 운전 정지 및 전원차단 실시 / [제조업등 연번527] 대책: 비정상적 통행로 차단 / [제조업등 연번572] 2017년 8월 섬유공장 내 방사작업장에서 재해자가 연신기 근처에서 연신롤러 표면에 묻은 이물질을 제거하는 과정에서 신체 일부가 원사에 꼬이면서 연신롤러에 말림 / [제조업등 연번572] 요인: 『설비를 정지시키지 않거나 전원을 차단하지 않은 상태에서 정비·보수·청소·교체·조정·점검 등의 작업』 중 사고 위험 / [제조업등 연번572] 대책: 연신기 롤러 회전부위에 덮개·울등의 방호조치 실시 / [제조업등 연번572] 대책: 점검·청소·정비 작업 시 해당기계 운전 정지 / [제조업등 연번573] 2020년 2월 섬유공장에서 재해자가 방사기 와인더 교체 작업 중 원사를 놓쳐 바닥에 쌓이는 원사를 제거하던 중 밟고있는 원사에 감겨 연신기 롤러에 끼임 / [제조업등 연번573] 요인: 『설비를 정지시키지 않거나 전원을 차단하지 않은 상태에서 정비·보수·청소·교체·조정·점검 등의 작업』 중 사고 위험 / [제조업등 연번573] 대책: 2차 연신기 롤러 회전부위에 덮개·울 등의 방호조치 실시 / [제조업등 연번573] 대책: 정비·보수 작업 시 운전정지 실시 / [제조업등 연번589] 2023년 11월경 재해자와 동료작업자가 연신공정에서 크림퍼와 연신기를 정비 후 시운전하던 중 재해자의 오른손이 연신 롤에 접촉하여 신체가 말리며 사망 / [제조업등 연번589] 요인: 『설비에 안전장치가 설치되어 있지 않거나, 불량하거나, 설치된 안전장치를 해제한 상태』로 사용 중 사고 위험 / [제조업등 연번589] 대책: 회전체에 방호덮개 설치 / [제조업등 연번589] 대책: 근로자 접근금지를 위한 방책 등을 설치 / [제조업등 연번2258] 2019년 5월경 사업장 내에서 재해자가 연신기의 연신롤러에 감겨 절사된 원사들을 수공구로 제거하기 위해 작업을 하던 중, 연신롤러에 팔이 말리면서 사망 / [제조업등 연번2258] 요인: 『설비를 정지시키지 않거나 전원을 차단하지 않은 상태에서 정비·보수·청소·교체·조정·점검 등의 작업』 중 사고 위험 / [제조업등 연번2258] 대책: 연신기 방호장치 해제 등의 금지조치 강화 / [제조업등 연번2258] 대책: 원사 제거작업 등의 정비·청소·조정작업 시 운전정지","SIF 제조업등 연번 527, 572, 573, 589, 2258 · data/processed/1_SIF_제조업등.csv",연신기|연신롤러|방호덮개|운전정지|전원차단,medium,"내부 메모: 제조업등 기인물 생산설비(연신기) 약 5건. 같은 계열 권취기·신선기 말림 사고(연번513, 1155 등)는 다른 기인물이라 부분관련 후보."
SL_B_4_022,④ 사고원인·재발방지,슬링벨트 파단 낙하,worker,"섬유벨트나 슬링벨트로 묶어 인양하다가 벨트가 끊어지면서 물건이 떨어져 사람이 다치는 사고는 왜 나고, 어떻게 막나요?","원인: 섬유벨트·슬링벨트(섬유로프)로 줄걸이를 해 인양하던 중 벨트가 파단되어 인양물이 낙하하거나 넘어지고, 그 아래나 주변 위험범위에 있던 작업자가 깔리거나 맞았다. 줄걸이 자재의 상태 점검·교체, 인양하중 검토, 날카로운 모서리 보호, 위험반경 접근 통제가 미흡했던 것으로 볼 수 있다. / 재발방지: ① 줄걸이 자재는 작업 중 수시로 상태를 점검하고 예비를 두어, 슬링벨트의 노후상태나 파손이 확인되면 즉시 교체한다. ② 줄걸이 방법에 따른 인양하중을 검토하고, 슬링벨트 등 달기구의 안전계수는 5 이상 확보한다. ③ 미끄러져 낙하할 위험이 있는 부재는 2줄걸이를 하고, 슬링벨트를 감고 샤클 등으로 견고하게 고정한 뒤 양중한다. ④ 줄걸이를 날카로운 부분에는 쓰지 말고, 부득이하게 맞닿으면 섬유로프를 보호할 충분한 강도의 보호대를 설치한다. ⑤ 인양 중인 화물이 작업자 머리 위로 지나가지 않게 하고, 낙하 위험이 있는 곳과 위험반경에는 작업자 접근·출입을 금지한다. ⑥ 중량물 취급 작업계획서를 사전에 작성하고 관리감독자나 작업지휘자를 배치해 계획대로 작업한다.","[건설업 연번159] 2018년 09월경, ○○현장에서 지반에 기근입된 PHC파일 위에 보조파일(보조항)을 올려 항타작업을 한 후 보조파일을 항타기로 인양하여 바닥에 내려놓던 중 보조파일에 체결한 섬유밸트가 파단되어 넘어지면서 보조파일 2~3m 옆에서 신호업무를 하던 협력업체 재해자가 깔려 사망 / [건설업 연번159] 요인: 항타작업 후 보조파일을 항타기로 인양하던 중 체결한 섬유벨트가 파단되어 넘어져 깔림 / [건설업 연번159] 대책: 줄걸이 자재는 작업중 수시로 상태를 점검하며 예비를 두어 손상 발생 시 즉시 교체 / [건설업 연번159] 대책: 작업중 낙하할 위험이 있는 화물 양중 작업시 작업자 접근금지 / [건설업 연번159] 대책: 중량물 취급 시 작업계획서를 사전에 작성하고 관리감독자를 배치하여 작업계획서에 맞게 작업 / [건설업 연번2107] 2019년 10월경 펌프(380kg)를 섬유벨트를 사용하여 호이스트(2ton)로 인양하던 중 섬유벨트가 파단되면서 펌프가 떨어져 1명이 사망하고 1명이 부상 / [건설업 연번2107] 요인: 정비보수작업을 위한 펌프 인양작업 중 호이스트 섬유벨트 파단으로 인한 충돌 / [건설업 연번2107] 대책: 인양작업 중 작업범위내 근로자 접근금지 조치 / [건설업 연번2107] 대책: 중량물 인양작업 전 줄걸이 상태 사전 점검 / [건설업 연번2107] 대책: - 슬링벨트 파손유무 확인, 와이어로프 파단여부 확인 / [건설업 연번2107] 대책: - 줄걸이 방법에 따른 인양하중 검토 / [건설업 연번2561] 2020년 7월경 ○○현장에서 덤프트럭 통행을 위한 굴착구간 상부면 철판 설치작업을 하다가 굴삭기에 철판을 결속한 슬링벨트가 파단되며 철판에 깔려 사망 / [건설업 연번2561] 요인: 덤프트럭 통행을 위한 굴착구간 상부면 철판 설치작업을 하다가 굴착기에 철판을 결속한 슬링벨트가 파단되며 철판에 깔림 / [건설업 연번2561] 대책: 작업 전 슬링벨트의 노후상태를 확인하고 사용불가 시 즉시교체 / [건설업 연번2561] 대책: 인양물 양중 시 슬링벨트를 감고 샤클 등으로 견고하게 고정한 후 양중 준수 / [건설업 연번2561] 대책: 인양물 작업 시 위험반경내 작업자 출입금지 / [건설업 연번3187] 2023년 10월경 ○○현장에서 화물트럭에 탑재된 물탱크(약 1.8톤)를 천장 크레인(5톤)을 이용하여 지면에 내리던 중 물탱크를 묶었던 슬링벨트가 끊어져 물탱크에 깔려서 사망 / [건설업 연번3187] 요인: 화물트럭에 탑재된 물탱크(약 1.8톤)를 천장 크레인(5톤)을 이용하여 지면에 내리던 중 물탱크를 묶었던 슬링벨트가 끊어져 물탱크에 깔림 / [건설업 연번3187] 대책: 미끄러져 낙하할 위험이 있는 부재는 2줄걸이 실시 / [건설업 연번3187] 대책: 슬링벨트 등 달기구의 안전계수는 5이상 확보 / [건설업 연번3187] 대책: 하역작업을 하는 경우 근로자의 출입을 통제하여 인양중인 화물이 작업자의 머리 위로 통과하지 않도록 조치 / [건설업 연번3187] 대책: 중량물 취급 작업계획서 작성 / [건설업 연번3115] 2021년 6월경 ○○현장에서 러핑형 타워크레인의 타워헤드 앞쪽 프레임을 이동식 크레인으로 인상하여 연결하는 작업 도중 날카로운 모서리면에 접촉되어 섬유로프가 파단되며 하부에 있던 작업자가 낙하물에 깔려 사망 / [건설업 연번3115] 요인: 러핑형 타워크레인의 타워헤드 앞쪽 프레임을 이동식 크레인으로 인상하여 연결하는 작업 도중 날카로운 모서리면에 접촉된 섬유로프가 파단 되며 낙하 / [건설업 연번3115] 대책: 줄걸이 체결시 날카로운 부분에 사용금지 또는 부득이 맞닿는 경우 섬유로프를 보호 할 수 있는 충분한 강도의 보호대를 설치 / [건설업 연번3115] 대책: 낙하위험이 있는 장소에 출입금지 구역 설정 / [건설업 연번3115] 대책: 중량물 취급 작업계획 수립 및 작업지휘자 배치","SIF 건설업 연번 159, 2107, 2561, 3187, 3115 · data/processed/1_SIF_건설업.csv",슬링벨트|섬유벨트|줄걸이|파단|안전계수,hard,"내부 메모: 건설업 줄걸이 기구 중 섬유벨트·슬링벨트·섬유로프 파단 유형이 약 9건(연번213 포함), 제조업등에도 유사 슬링 파단이 약 10건 있으나 이번에는 건설업만 사용. 연번1056(인양벨트가 훅에서 이탈)은 부분관련 후보."
SL_B_4_023,④ 사고원인·재발방지,건설장비 전도·전복,manager,"불도저나 스키드로더 같은 장비가 경사지나 개구부 가장자리에서 넘어지는 사고는 왜 나고, 어떻게 막나요?","원인: 성토부 경사지, 가설도로의 경사법면, 6층 바닥 개구부 가장자리처럼 지반이 약하거나 추락 위험이 있는 곳에서 운행경로와 전도 방지 대책 없이 장비를 운행·작업하다 장비가 전도·전복되어 운전자가 매몰되거나 끼였다. / 재발방지: ① 건설기계를 사용하는 작업을 할 때 장비유도자를 배치한다. ② 지반의 부등침하와 성토부 붕괴를 막고 장비이동통로 폭을 유지한 뒤 작업하며, 성토부에서는 단부 끝으로 무리하게 접근하지 않도록 한다. ③ 운행경로와 건설장비 전도방지 대책 등을 포함한 작업계획서를 작성하고 그 계획대로 작업하도록 지도·감독한다. ④ 건물 해체 작업에서는 해체작업용 건설장비의 사용방법과 위험방지 대책 등을 포함한 작업계획서를 작성한다. ⑤ 장비가 전도될 때 근로자가 이탈하는 위험을 막기 위해 헤드가드를 설치하고 안전벨트를 착용한다.","[건설업 연번8] 2017년 05월경 ○○ 부지조성 공사의 불도져 운전기사가 경사지에서 흙을 밀어내리는 작업을 위해 경사로를 운행하여 이동 중 주변 지반이 무너녀 불도저가 전복되어 주변 토사에 매몰되어 사망 / [건설업 연번8] 요인: 불도져가 경사지에서 흙을 밀어내리는 작업을 위해 경사로를 운행하여 이동 중 주변 지반이 무너져 불도저가 전복되어 주변 토사에 매몰됨 / [건설업 연번8] 대책: 건설기계를 사용하는 작업 시 장비유도자 배치 / [건설업 연번8] 대책: 지반의 부등침하, 성토부의 붕괴 방지 및 장비이동통로 폭을 유지한 뒤 작업 실시 / [건설업 연번8] 대책: 성토부에서 불도저로 작업을 하는 경우 무리하게 단부 끝으로 접근 금지 / [건설업 연번2531] 2022년 7월경 ○○현장에서 스키드로더를 이용하여 가설도로의 젖은 토사 및 물웅덩이를 제거하고 마른 토사로 되메우는 작업 중 가설도로 우측 경사법면 아래로 스키드로더에 탑승한 채 전도(h≒1.5m)되어 사망 / [건설업 연번2531] 요인: 공공주택지구 관리공사 현장에서 스키드로더 이용하여 우수관로 암거 출입 가설도로의 젖은 토사 및 물웅덩이를 제거하고 마른 토사로 되메우는 과정에서 스키드로더가 가설도로 우측 경사법면 아래로 전도되어 운전자가 전도된 스키드로더에 끼임 / [건설업 연번2531] 대책: 건설장비 작업 시 운행경로, 건설장비 전도방지 대책 등을 포함한 작업계획서를 작성하고, 그 계획에 따라 작업을 하도록 지도·감독 실시 / [건설업 연번2531] 대책: 건설장비 전도 시 근로자 이탈 등 위험 방지를 위해 헤드가드 설치 및 안전벨트 착용 철저 / [건설업 연번2873] 2022년 5월경 ○○현장에서 재해자가 스키드로더를 사용하여 6층 개구부를 통해 해체물을 내리는 작업 중 스키드로더가 전도되면서 6층 바닥 개구부와 스키드로더 사이에 끼여 사망 / [건설업 연번2873] 요인: 목욕탕 철거 현장에서 재해자가 스키드로더를 사용하여 6층 개구부를 통해 해체물을 내리는 작업 중 스키드로더가 전도되면서 6층 개구부와 스키드로더 사이에 끼임 / [건설업 연번2873] 대책: 건물 등 해체 작업 시 해체작업용 건설장비 사용방법, 위험방지 대책 등을 포함한 작업계획서를 작성하고, 그 계획에 따라 작업을 하도록 지도·감독 실시 / [건설업 연번2873] 대책: 건설장비 전도 시 근로자 이탈 등 위험 방지를 위해 헤드가드 설치 및 안전벨트 착용 철저","SIF 건설업 연번 8, 2531, 2873 · data/processed/1_SIF_건설업.csv",불도저|스키드로더|전도|전복|작업계획서,medium,"내부 메모: 건설업 기타 건설장비 중 전도·전복 관련이 약 7건(진동롤러 연번2348, 로더 굴러감 연번3196 포함). 선택 3건은 불도저·스키드로더이고 진동롤러 등은 다른 상황이라 부분관련 후보."
SL_B_4_024,④ 사고원인·재발방지,기계설비 운반 중 전도,manager,"변압기나 냉온수기 같은 큰 설비를 옮기거나 유압잭으로 들어 올리다가 넘어져서 깔리거나 맞는 사고는 왜 나고, 어떻게 막나요?","원인: 변압기·열교환기·냉온수기·컨베이어 같은 무거운 설비를 인력이나 운반용 활차·대차로 옮기거나 유압잭으로 들어 올릴 때, 넘어지지 않도록 지지하고 고정하는 조치가 없어 설비가 전도되거나 뒤집히면서 작업자가 깔리거나 끼이거나 넘어지는 설비에 맞았다. / 재발방지: ① 자재 운반 중 전도 위험이 있으면 자재를 넓은 발판 위에 올려놓고 고정장치를 설치한 뒤 운반한다. ② 중량물의 전도 위험이 있으면 전도 방지용 지지대를 설치하는 등 넘어짐 방지 안전조치를 한다. ③ 작업구간에는 관계 근로자가 아닌 사람의 출입을 금지하고 근로자 이동통로를 별도로 지정하는 등 주변을 통제한다. ④ 중량물을 들어 올리거나 운반할 때 작업위치, 작업방법, 전도 방지 대책이 포함된 작업계획서를 작성하고, 그 계획대로 작업하도록 지도·감독한다. ⑤ 운반방법에 대한 위험성평가를 하고 안전작업방법을 해당 근로자에게 교육하며, 개인보호구 착용상태를 관리감독한다.","[건설업 연번1714] 2016년 2월경 ○○현장에서 피재자가 아파트 지하 변전실에서 변압기를 인력으로 이동 작업 도중 변압기가 뒤집어 지면서 재해자를 강타하여 사망 / [건설업 연번1714] 요인: 변압기를 인력으로 이동작업 중 변압기가 뒤집어 지면서 깔림 / [건설업 연번1714] 대책: 자재 운반 중 전도의 위험이 있는 경우 자재를 넓은 발판 위에 올려놓고 고정장치 설치 후 운반 / [건설업 연번1714] 대책: 작업구간 관계 근로자가 아닌 사람의 출입을 금지하고 근로자 이동통로를 별도로 지정하는 등 주변을 통제 / [건설업 연번1714] 대책: 중량물 취급 작업계획서를 작성하고 운반방법에 대한 위험성평가를 통해 안전작업방법을 해당 근로자에게 교육 / [건설업 연번1714] 대책: 근로자 개인보호구 지급 및 착용상태 관리감독 / [건설업 연번1875] 2021년 09월경 피재자 2명이 변압기를 운반하던 중 변압기가 재해자 쪽으로 넘어지면서 바닥과 변압기에 끼여 1명은 다리가 골절되었고 1명은 사망 / [건설업 연번1875] 요인: 이동식 대차로 변압기를 운반 후 변압기를 유압자키로 들어올려 고임목으로 고정한 뒤 이동식 대차를 빼는 순간 변압기가 넘어지며 깔림 / [건설업 연번1875] 대책: 자재 운반 중 전도의 위험이 있는 경우 자재를 넓은 발판 위에 올려놓고 고정장치 설치 후 운반 / [건설업 연번1875] 대책: 작업구간 관계 근로자가 아닌 사람의 출입을 금지하고 근로자 이동통로를 별도로 지정하는 등 주변을 통제 / [건설업 연번1875] 대책: 중량물 취급 작업계획서를 작성하고 운반방법에 대한 위험성평가를 통해 안전작업방법을 해당 근로자에게 교육 / [건설업 연번1875] 대책: 근로자 개인보호구 지급 및 착용상태 관리감독 / [건설업 연번1958] 2016년 11월경 ○○현장에서 피재자가 열교환기를 건물 내부로 이동?설치하는 작업 중 지게차로 지하 1층 자재 반입구까지 하역 후 작업자 4명이 하부에 중량물 운반용 활차(일명 : 도비캐스터)를 3개소 설치 후 인력으로 밀어 이동하던 중 반입구 바닥의 요철(반입구 차단문 하부)에 도비캐스터 1개 바퀴가 걸리며 이탈되어 열교환기가 중심을 잃고 재해자 쪽으로 전도되어 1명이 깔려 사망하고, 1명이 부상 / [건설업 연번1958] 요인: 기계설비 하부에 중량물 운반용 활차 3개소를 설치하고 작업자가 밀어서 운반 중 바닥 요철로 하부 활차가 이탈하며 운반중이던 설비가 넘어지며 깔림 / [건설업 연번1958] 대책: 자재 운반 중 전도의 위험이 있는 경우 자재를 넓은 발판 위에 올려놓고 고정장치 설치 후 운반 / [건설업 연번1958] 대책: 작업구간 관계 근로자가 아닌 사람의 출입을 금지하고 근로자 이동통로를 별도로 지정하는 등 주변을 통제 / [건설업 연번1958] 대책: 중량물 취급 작업계획서를 작성하고 운반방법에 대한 위험성평가를 통해 안전작업방법을 해당 근로자에게 교육 / [건설업 연번1958] 대책: 근로자 개인보호구 지급 및 착용상태 관리감독 / [건설업 연번1979] 2022년 04월경 ○○현장에서 피재자가 기계설비 운반용 바퀴를 교체하기 위해 유압잭으로 냉온수기(약6.4톤)를 들어올리는 순간 넘어지는 냉온수기에 깔려 사망 / [건설업 연번1979] 요인: 빌딩 기계설비 교체공사 현장에서 기계설비에 부착된 운반용 바퀴를 교체하기 위해 유압잭으로 설비를 들어올리는 작업중 기계설비가 전도되며 깔림 / [건설업 연번1979] 대책: 중량물(기계설비)을 들어올리는 작업 시 근로자의 작업위치와 작업방법, 전도 방지를 위한 안전대책이 포함된 작업계획서를 작성하고, 그 계획에 따라 작업을 하도록 지도·감독 실시 / [건설업 연번1979] 대책: 제품, 자재, 기계설비 등의 넘어짐 방지를 위한 안전조치 실시 / [건설업 연번1980] 2022년 9월경 ○○현장에 입고된 컨베이어를 운반하는 장소에서 피재자가 컨베이어를 운반용 대차에서 내리기 위해 컨베이어를 유압잭(Jack)로 인상하던 중 컨베이어가 넘어지면서 피재자의 안면부를 가격해 사망 / [건설업 연번1980] 요인: 공장 증축공사 현장에서 증축 공장에 설치할 컨베이어를 운반용 대차에서 내리기 위해 컨베이어를 유압잭(Jack)으로 인상하던 중, 컨베이어가 넘어지면서 재해자가 부딪힘 / [건설업 연번1980] 대책: 중량물의 전도 위험이 있는 경우 전도 방지용 지지대 설치 등 조치 / [건설업 연번1980] 대책: 중량물 취급 작업 시 전도 등 위험예방 대책을 포함한 작업계획서를 작성하고, 그 계획에 따라 작업을 하도록 지도·감독 실시","SIF 건설업 연번 1714, 1875, 1958, 1979, 1980 · data/processed/1_SIF_건설업.csv",기계설비|변압기|유압잭|도비캐스터|전도,medium,"내부 메모: 건설업 기인물 기계설비 중 설비·변압기 운반/인상 중 전도 유형이 약 6건(연번1962 체인블럭 운반 중 전도 포함). 연번1711(앵커볼트 탈락, 기인물 줄걸이 기구)은 부분관련 후보."
SL_B_4_025,④ 사고원인·재발방지,폭염 속 작업 중 쓰러짐,manager,"한여름 폭염 속에서 자재 정리나 청소를 하던 작업자가 의식을 잃고 쓰러져 사망하는 사고는 왜 나고, 어떻게 막나요?","원인: 폭염 속에서 자재 운반·정리, 청소 같은 옥외작업을 규칙적인 휴식과 그늘, 수분 보충 없이 이어가다 더위에 탈진해 의식을 잃고 쓰러져 사망하였다. / 재발방지: ① 폭염특보가 발령되면 1시간 주기로 10~15분 이상 규칙적으로 휴식시간을 주고 과도한 작업을 하지 못하도록 한다. ② 폭염주의보(33℃)에서는 매 시간 10분씩, 폭염경보(35℃)에서는 15분씩 휴식을 권장한다. ③ 옥외 작업장 곳곳에 부대시설이나 임시 천막 등으로 휴게공간을 마련하고, 작업자들이 충분히 들어갈 수 있는 휴게시설과 햇볕을 완전히 차단하는 그늘막을 설치한다. ④ 작업자들에게 주기적으로 수분과 식염을 섭취하도록 알린다. ⑤ 열사병 예방 3대 기본수칙(물, 그늘, 휴식)을 지킨다.","[건설업 연번3236] 2016년 8월경 ○○현장에서 폭염 속 자재 운반 및 정리 등 작업을 하던 중 의식을 잃고 쓰러져 사망 / [건설업 연번3236] 요인: 폭염 속 자재 운반 및 정리 등 작업을 하던 중 의식을 잃고 쓰러짐 / [건설업 연번3236] 대책: 폭염특보 발령 시, 1시간 주기로 10~15분 이상 규칙적으로 휴식시간을 부여하여 과도한 작업수행을 금지 / [건설업 연번3236] 대책: 하절기 작업 시, 폭염에 대비하여 부대시설, 임시 천막 등 현장 곳곳에 휴게공간을 마련하여 작업자들이 그늘진 곳에서 쉴 수 있도록 조치 / [건설업 연번3236] 대책: 하절기 작업 시, 작업자들에게 주기적으로 수분과 식염을 섭취할 것을 주지 / [건설업 연번3294] 2018년 7월경 ○○현장에서 근로자가 폭염 속 자재 운반 및 정리 등 작업을 하던 중 의식을 잃고 쓰러져 사망 / [건설업 연번3294] 요인: 폭염 속 자재 운반 및 정리 등 작업을 하던 중 의식을 잃고 쓰러짐 / [건설업 연번3294] 대책: 폭염에 노출되는 옥외 골조작업 시 근로자 모두를 수용할 수 있는 적절한 휴게시설 설치 / [건설업 연번3294] 대책: 햇볕을 완전히 차단할 수 있는 재질의 그늘막 활용 및 방음벽 인근 형성된 자연그늘에 의자나 돗자리, 음료수대 등 비품 비치하여 근로자들의 휴식 운영 실시 / [건설업 연번3294] 대책: 폭염특보의 종류에 따라 폭염주의보(33℃) 발령 시 매 시간당 10분씩, 폭염경보(35℃) 발령 시 15분씩 휴식 권장 / [건설업 연번3301] 2018년 8월경 ○○현장에서 폭염 속 자재 운반 및 정리 등 작업을 하던 근로자가 의식을 잃고 쓰러져 사망 / [건설업 연번3301] 요인: 폭염 속 자재 운반 및 정리 등 작업을 하던 중 의식을 잃고 쓰러짐 / [건설업 연번3301] 대책: 열사병 예방 3대 기본수칙(물/그늘/휴식) 준수 / [건설업 연번3301] 대책: 적절한 휴게시설 설치, 휴게시간 부여 / [건설업 연번3380] 2021년 7월경 ○○현장에서 폭염 속 자재 운반 및 정리 등 작업을 하던 재해자가 의식을 잃고 쓰러져 사망 / [건설업 연번3380] 요인: 폭염 속 자재 운반 및 정리 등 작업을 하던 중 의식을 잃고 쓰러짐 / [건설업 연번3380] 대책: 폭염에 노출되는 옥외 골조작업 시 근로자 모두를 수용할 수 있는 적절한 휴게시설 설치 / [건설업 연번3380] 대책: 햇볕을 완전히 차단할 수 있는 재질의 그늘막 활용 및 방음벽 인근 형성된 자연그늘에 의자나 돗자리, 음료수대 등 비품 비치하여 근로자들의 휴식 운영 실시 / [건설업 연번3380] 대책: 폭염특보의 종류에 따라 폭염주의보(33℃) 발령 시 매 시간당 10분씩, 폭염경보(35℃) 발령 시 15분씩 휴식 권장 / [건설업 연번2653] 2020년 8월경 ○○현장에서 현장 쓰레기 청소 등 정리정돈 작업 중 재해자가 더위에 탈진하여 현장에서 의식을 잃고 쓰러져 사망 / [건설업 연번2653] 요인: 지장관로 이설공사 현장에서 폭염 속 자재 운반 및 정리 등 작업을 하던 중 의식을 잃고 쓰러짐 / [건설업 연번2653] 대책: 폭염에 노출되는 옥외 골조작업 시 근로자 모두를 수용할 수 있는 적절한 휴게시설 설치 / [건설업 연번2653] 대책: 햇볕을 완전히 차단할 수 있는 재질의 그늘막 활용 및 방음벽 인근 형성된 자연그늘에 의자나 돗자리, 음료수대 등 비품 비치하여 근로자들의 휴식 운영 실시 / [건설업 연번2653] 대책: 폭염특보의 종류에 따라 폭염주의보(33℃) 발령 시 매 시간당 10분씩, 폭염경보(35℃) 발령 시 15분씩 휴식 권장","SIF 건설업 연번 3236, 3294, 3301, 3380, 2653 · data/processed/1_SIF_건설업.csv",폭염|열사병|휴게시설|그늘|수분,easy,"내부 메모: 건설업 기인물 분류불능 중 폭염·열사병 쓰러짐 유형이 약 7건(연번3335, 2292 포함). 연번600·1050 등 쓰러짐은 개요상 폭염 언급 여부가 달라 부분관련 후보."
